axis,gamma,c_mem,D,seed,lam_min,det,kappa,g_rr,g_rt,g_tt,det_polar,lam_min_polar,kappa_polar,omega,R1,phase_std,g_tt_G,R1_G,I,sigma_pair
A,0.1,5.0,0.05,42,0.2004923431992379,0.06427469442644203,1.5989851759672005,0.42925748667693625,-0.059283911054575755,1.4677585090300553,0.626531746525002,0.42588416040724497,3.454300422661881,0.0004054203836132753,0.018828683932693786,1.7719757989447584,0.7067048688052513,0.04374715789425297,-0.03712830702205069,2.248529198546196
A,0.1,5.0,0.02,42,0.1974496403663517,0.04419522159356868,1.1336072679913811,0.36910598636853775,0.006895635244657266,0.9412574761975239,0.3473762193932201,0.36902289145135714,2.550900209503094,0.000819592431808364,0.012683956195925957,1.8023593810415295,0.33325078738745173,0.046346095084716675,-0.01613165005009342,2.259901172427523
A,0.1,5.0,0.01,42,0.1576875454394327,0.045173748891613956,1.816734013997167,0.352429452683758,0.002188016391743048,1.8121559722587564,0.6386523500650264,0.35242617302492457,5.141954232183059,-0.004135422354205543,0.012693697740340869,1.7558203447684506,0.959674647122064,0.04281091356605144,0.1573290033783969,2.458478973170513
A,0.1,5.0,0.005,42,0.13035046328250674,0.03669735127959478,2.1597802279240743,0.312247317055852,-0.06016910370804086,1.6810168954256688,0.5212726944811938,0.30960746278995926,5.438036714359727,-6.513630859140896e-05,0.03281694009104338,1.7697946776732154,1.0240879273465084,0.042604710563700875,-0.023759178970008725,2.5749955727538194
A,0.2,5.0,0.05,42,0.28029433284069716,0.13388919496932603,1.7041856194862939,0.6246596320457809,-0.029333429019214978,1.3018848411101447,0.8123744557558176,0.6233914545291787,2.090424899409254,0.0012868746014639367,0.019943615884401408,1.8029616560436204,0.5047341131994019,0.044754159227427794,-0.0906816305519472,1.7740440835096551
A,0.2,5.0,0.02,42,0.2534846565035126,0.11837272352754354,1.8422488199332092,0.5722791948430962,0.030899227363029098,1.6710845431678427,0.955372154627204,0.5714109715118812,2.9260074619765906,-0.0057734309943051985,0.014699815725986956,1.7649644207858979,0.7275239337867108,0.043660197377249715,0.12207168325787064,1.8447559244167113
A,0.2,5.0,0.01,42,0.23942322556987364,0.09990160941882735,1.742769416243502,0.5303962917116738,0.007766846077525322,1.393013665719788,0.7387889587034687,0.5303263661453397,2.62684203580468,0.003492100088736452,0.016902138555796007,1.7772297101789842,0.6320832303563713,0.04407962048593775,-0.1733100955212312,1.860802634913752
A,0.2,5.0,0.005,42,0.2536217533898859,0.11641446627107577,1.8098140275074244,0.5924135415106595,-0.013996118747859275,1.2512370333327478,0.74105387084594,0.5921163404940133,2.113662719230509,0.0015681027514334374,0.0041117826274450755,1.774723461977895,0.5943491490585916,0.04426265442091686,-0.1273166489593497,1.8533984681120361
A,1.0,5.0,0.05,42,42457636.2277453,2723148874484137.5,1.5106357607503682,50350109.104573496,15830811.843908014,129545446.36253461,6272012754717073.0,47302848.79132495,2.803059647859937,5.052368443499316e-09,0.9999999953355003,9.658674526557998e-05,0.27174602287649313,0.045206111100765306,7.714654643078519e-10,0.00014960806401811285
A,1.0,5.0,0.02,42,125418621.69689286,2.623835356730968e+16,1.6680633199762716,169550376.3794349,63488997.676086426,380199166.34044594,6.043205892625589e+16,151894768.90456706,2.6192789698062566,3.1953268178859946e-09,0.9999999981342224,6.108645963121798e-05,0.3767662847132427,0.04520609819614105,3.085798354857486e-10,9.462066832562497e-05
A,1.0,5.0,0.01,42,322074344.9738476,2.1042444631449766e+17,2.0285416482233183,530429001.35074526,242866089.17081842,1024889510.6543419,4.846471823621087e+17,431095068.4638988,2.6078318352076773,2.2594116848919894e-09,0.9999999990671168,4.319452185351439e-05,0.7376237503993072,0.04520609160801412,1.542883355189943e-10,6.690699541201998e-05
A,1.0,5.0,0.005,42,931757654.1612508,2.472148734191097e+18,2.8475322927308953,2047926174.4203472,-1376547784.4322505,4310896553.2941675,6.933514083884247e+18,1397518399.4117444,3.550081580601104,-5.301920509595341e-10,0.9999999994755577,3.238648406919179e-05,2.2481333116676114,0.04447419823501517,3.797224663284285e-14,4.9814106157071273e-05
A,0.1,5.0,0.005,100,0.15640875865272305,0.051579744676665186,2.108419623098294,0.36427054299673955,-0.01205907241513497,1.9003800286791133,0.6921070437195866,0.3641758802999444,5.218562771951371,0.0011243390619609596,0.03563504982768874,1.8682079931576292,0.8991311951476776,0.0430147457209133,-0.03584347367243341,2.347359966753282
A,0.2,5.0,0.005,100,0.37657270856817104,0.17533037474572372,1.2364013677996013,0.6976476861373596,-0.021261309407969435,1.376481690770117,0.9598472232984713,0.6969824267299342,1.9758704055692893,0.004323976125348267,0.015403681677420261,1.8550911860901824,0.45366733303105333,0.04508757120791768,-0.11646196872629175,1.725281179523971
B,0.1,0.05,0.05,42,7289.95430587538,98480399.45541285,1.8531056886510446,8980.707266260284,4214.782382901529,27187.87042790838,226401914.97084278,8052.36041163704,3.4916739744906193,-2.6155195733601084e-06,0.9999097762670808,0.013434000892206675,1.6946238085040286,0.0408803105651982,7.496310771911643e-07,0.021050450737930375
B,0.1,0.1,0.05,42,23.007054351370467,18362.871842077708,34.691139575168236,545.8606975250304,583.4725757930364,801.1411670851348,96871.2295785481,76.23024305500115,16.670176699269934,1.414379805943209e-05,0.9917470248373457,0.1287047107649022,39.20428829546579,0.02559270696470897,2.123689313077178e-05,0.1859061557916812
B,0.1,0.2,0.05,42,0.506849799188726,0.5116163082007386,1.991525272554791,1.057723220277881,-0.08657526832760108,2.2229491135210866,2.3437696177813887,1.0513258761089896,2.1205094522555674,0.00017557037009209293,0.09719600746293444,1.7017507934900726,0.6183665852302226,0.044144835705757404,0.0012138066552647184,1.4197431748618714
B,0.1,0.5,0.05,42,0.5090805370902813,0.44419324855393105,1.7139532268617719,0.9803544463535541,0.0231750352054256,1.897301630021482,1.8594910068086328,0.9797690913561673,1.9370757883287273,-0.0017938744060326478,0.08301381091818047,1.8296164404667472,0.5729007233081919,0.04437218882148705,0.014592255791649704,1.408976758061972
B,0.1,1.0,0.05,42,0.30415402740342395,0.15037570239606823,1.6255132951835645,0.5959087959305234,0.023938111360221413,1.8224038853894253,1.0854134718660255,0.5954417618106574,3.0613756649620756,0.000707011516093394,0.07206142446999064,1.827630627742098,0.6843273194506412,0.043843254384586465,-0.02094877816839822,1.8577134591512483
B,0.1,2.0,0.05,42,0.24460093538896105,0.10248096073685038,1.7128800894855722,0.5208255061751069,-0.001961716595496199,1.9159189505627228,0.9978556088853086,0.5208227477044056,3.6786444476131264,-0.00024420594507595293,0.0028455713527996834,1.778184659235812,0.5659657894131669,0.044408561907374154,0.10388729178081096,1.9245094314241429
B,0.1,5.0,0.05,42,0.2004923431992379,0.06427469442644203,1.5989851759672005,0.42925748667693625,-0.059283911054575755,1.4677585090300553,0.626531746525002,0.42588416040724497,3.454300422661881,0.0004054203836132753,0.018828683932693786,1.7719757989447584,0.7067048688052513,0.04374715789425297,-0.03712830702205069,2.248529198546196
B,0.1,10.0,0.05,42,0.1398726799370772,0.026836973141091285,1.3717271660098163,0.2954914066248674,-0.009513051385660278,1.005443259926747,0.29700934501058046,0.2953639586813666,3.404513916862279,0.009720980970526963,0.004127161403354602,1.7839443104436965,0.4046180280602407,0.04547199177700099,-0.09074392571081724,2.6820142656721457
B,0.1,20.0,0.05,42,0.13290570315975542,0.022173795357643928,1.255315236404241,0.259586522353117,0.027544508268898336,1.0120834021546705,0.2619645107608667,0.25857962635585263,3.9179045635936465,-0.00611081119547361,0.0113327720387669,1.7658421227990242,0.4300643713066787,0.04526227416312986,0.03272192368544026,2.7216229745481413
C,0.05,5.0,0.05,42,0.11842770200822146,0.02416090194277444,1.7226876421794037,0.2646837912066156,-0.011829607444896492,1.3458898066356941,0.356095276954374,0.2645543775126485,5.087873551687148,0.0023674475878857526,0.006540877834705202,1.753674494680818,0.7386728177154948,0.043614535304468294,-0.013360428032875779,2.7482745897796885
C,0.05,5.0,0.05,100,0.17832561858588547,0.035111374941023,1.1041303762321597,0.3352232934332136,-0.02027871402780831,0.805026678829479,0.2694524683361982,0.3343496026090846,2.410352407673868,0.003212244597047497,0.004615288971246974,1.8252131478768991,0.3382992489657126,0.04624993501953829,-0.037790617083121564,2.4364751987578632
C,0.1,5.0,0.05,42,0.2004923431992379,0.06427469442644203,1.5989851759672005,0.42925748667693625,-0.059283911054575755,1.4677585090300553,0.626531746525002,0.42588416040724497,3.454300422661881,0.0004054203836132753,0.018828683932693786,1.7719757989447584,0.7067048688052513,0.04374715789425297,-0.03712830702205069,2.248529198546196
C,0.1,5.0,0.05,100,0.24501670637037645,0.07295496943828884,1.2152439977361449,0.4598523610946443,0.018722410117663933,1.0542833266787175,0.48446414839531043,0.4592632571995088,2.2968796524377857,0.004715384707164112,0.010416736099194397,1.8216409415424362,0.3803343437137173,0.04570231172379244,-0.1276327973547394,1.9870406616924958
C,0.2,5.0,0.05,42,0.28029433284069716,0.13388919496932603,1.7041856194862939,0.6246596320457809,-0.029333429019214978,1.3018848411101447,0.8123744557558176,0.6233914545291787,2.090424899409254,0.0012868746014639367,0.019943615884401408,1.8029616560436204,0.5047341131994019,0.044754159227427794,-0.0906816305519472,1.7740440835096551
C,0.2,5.0,0.05,100,0.29721494367106077,0.10990853357687512,1.2441998091624404,0.5710855348815493,-0.027350159983760496,0.9845882460111921,0.5615360738602508,0.5692843688144602,1.7326831125408308,0.003482924760341435,0.019445591267889906,1.8500779284410271,0.4277682614266595,0.04528018138402338,-0.18781918049492824,1.9116901235505248
C,0.3,5.0,0.05,42,0.32931898960243267,0.24266025033311997,2.237510555373727,0.815659406774558,0.052741474056958865,2.217237338114547,1.8057288287992104,0.8136775438734445,2.727393938452881,0.00172500488479214,0.04598202856890584,1.7074247485656455,0.891609096037968,0.04304081910448746,-0.13036238744413467,1.6023618802720248
C,0.3,5.0,0.05,100,0.3349991347557662,0.2048885735863842,1.8257040050837658,0.7782196068211624,0.0006930615826356536,1.4429815027810868,1.12295601741015,0.7782188842559279,1.8542112695273236,0.0015782955653142665,0.005499452212485983,1.8647883408495594,0.7808325082869133,0.04344711839482673,-0.15027736343118162,1.6303644240047244
C,0.5,5.0,0.05,42,0.47055727828734395,0.41834253451931264,1.8893265728186623,1.073359640788429,0.008721451638455903,1.8487563586004585,1.98430439725403,1.0732615566768484,1.7226503932896537,0.0038610853703098806,0.040430730094218624,1.8153079478616727,0.7426063796537844,0.043598569380383784,-0.11843628247441422,1.3870629420791742
C,0.5,5.0,0.05,100,0.47189853879235844,0.30322063164292695,1.361637435431123,0.935712420410696,0.02161811365884086,1.2436494688755697,1.1632309118258692,0.9342021702317006,1.3328589450244381,-0.00013461852056470547,0.03396773297085012,1.8246674714854965,0.39430709742468845,0.045565380963263555,-0.0005561498387105317,1.412627871891068
C,1.0,5.0,0.05,42,42457636.2277453,2723148874484137.5,1.5106357607503682,50350109.104573496,15830811.843908014,129545446.36253461,6272012754717073.0,47302848.79132495,2.803059647859937,5.052368443499316e-09,0.9999999953355003,9.658674526557998e-05,0.27174602287649313,0.045206111100765306,7.714654643078519e-10,0.00014960806401811285
C,1.0,5.0,0.05,100,29366386.25552383,1727729848302920.5,2.0034329981570833,49549453.89322994,-24019936.148327895,118998901.65324149,5319373258242544.0,42051390.310629785,3.0081517947782483,-1.3102390635783945e-08,0.9999999946115068,0.0001038122648897656,0.6621314255756452,0.04379042749968387,-1.7725873281780068e-10,0.0001713200180234967
