B,L,cond,det_boot_mean,det_boot_sd,det_ci_hi,det_ci_lo,det_ci_width,det_excludes_zero,det_median,kap_boot_mean,kap_boot_sd,kap_ci_hi,kap_ci_lo,kap_ci_width,kap_excludes_zero,kap_median,lam_boot_mean,lam_boot_sd,lam_ci_hi,lam_ci_lo,lam_ci_width,lam_excludes_zero,lam_median,n_eval,point_det,point_kap,point_lam,seed,stage,tau
0,0,ROI,,,,,,,,,,,,,,,,,,,,,,5000,0.039053539688196734,1.245459767854221,0.1770783024538826,0,S1_point,27.112275592800014
0,0,ROI,,,,,,,,,,,,,,,,,,,,,,5000,0.06782502733077705,1.1523104365488535,0.24261086209108018,1,S1_point,32.36590497861896
0,0,ROI,,,,,,,,,,,,,,,,,,,,,,5000,0.027138187756762154,1.0427609009536813,0.16132365467989546,2,S1_point,24.582843824697495
0,0,ROI,,,,,,,,,,,,,,,,,,,,,,5000,0.06800053850588252,1.4197906542615677,0.2188487243148989,3,S1_point,34.11135964868933
0,0,ROI,,,,,,,,,,,,,,,,,,,,,,5000,0.07885186950038128,1.5842112644465982,0.22309993756492646,4,S1_point,29.568447752576862
0,0,ROI,,,,,,,,,,,,,,,,,,,,,,5000,0.08934393828247314,1.2490208198198312,0.2674531438592814,5,S1_point,33.57973389106589
0,0,ROI,,,,,,,,,,,,,,,,,,,,,,5000,0.06060161132142132,2.232988149302302,0.16473992985131927,6,S1_point,38.69869275854555
0,0,ROI,,,,,,,,,,,,,,,,,,,,,,5000,0.049128146856813236,1.3590345644986837,0.1901296900133898,7,S1_point,30.359437166330455
0,0,ROI,,,,,,,,,,,,,,,,,,,,,,5000,0.04523902771723184,1.0196908443725723,0.2106310396028879,8,S1_point,29.2613020509363
0,0,ROI,,,,,,,,,,,,,,,,,,,,,,5000,0.03932561483695018,1.1620439052604394,0.18396130936644878,9,S1_point,29.736010601323187
0,0,ROI,,,,,,,,,,,,,,,,,,,,,,5000,0.05917664335870157,1.8627637991936254,0.1782363455195609,10,S1_point,25.867816166844747
0,0,ROI,,,,,,,,,,,,,,,,,,,,,,5000,0.03523565386941291,1.2818936340448672,0.16579261139354617,11,S1_point,28.453046546359847
0,0,ROI,,,,,,,,,,,,,,,,,,,,,,5000,0.06312162197262057,1.2701455786865128,0.22292682186320387,12,S1_point,33.13813121730414
0,0,ROI,,,,,,,,,,,,,,,,,,,,,,5000,0.05678088210113059,1.92876368103092,0.17157798284489917,13,S1_point,36.77228407683929
0,0,ROI,,,,,,,,,,,,,,,,,,,,,,5000,0.04506407574537791,1.230190499348218,0.19139432205628326,14,S1_point,30.755015721300555
0,0,ROI,,,,,,,,,,,,,,,,,,,,,,5000,0.03680660941337016,1.1117034105956927,0.18195686149800872,15,S1_point,28.11660392458845
0,0,ROI,,,,,,,,,,,,,,,,,,,,,,5000,0.0443050632305535,1.5645188922345947,0.16828146122984947,16,S1_point,31.724807452525013
0,0,ROI,,,,,,,,,,,,,,,,,,,,,,5000,0.06655450811740463,1.0684693659095552,0.2495788053249237,17,S1_point,30.868269514622995
0,0,ROI,,,,,,,,,,,,,,,,,,,,,,5000,0.05202736552068603,1.3667679221059492,0.19510505825245034,18,S1_point,28.406965000771496
0,0,ROI,,,,,,,,,,,,,,,,,,,,,,5000,0.05789955895041226,1.1524251223486817,0.2241461425099738,19,S1_point,32.52801934772671
0,0,EQ,,,,,,,,,,,,,,,,,,,,,,5000,10318906371218.031,1.1615955231625796,2980501.681370359,0,S1_point,27.112275592800014
0,0,EQ,,,,,,,,,,,,,,,,,,,,,,5000,9111102525243.098,2.6279798494840687,1861977.5973863667,1,S1_point,32.36590497861896
0,0,EQ,,,,,,,,,,,,,,,,,,,,,,5000,10999473504583.633,1.5055252228690152,2702974.390858576,2,S1_point,24.582843824697495
0,0,EQ,,,,,,,,,,,,,,,,,,,,,,5000,11452209893061.64,1.158414017551071,3144218.7083995636,3,S1_point,34.11135964868933
0,0,EQ,,,,,,,,,,,,,,,,,,,,,,5000,15079131508922.525,1.2447203187651261,3480585.2459776537,4,S1_point,29.568447752576862
0,0,EQ,,,,,,,,,,,,,,,,,,,,,,5000,14349326457947.559,1.2522170759232565,3385134.642192021,5,S1_point,33.57973389106589
0,0,EQ,,,,,,,,,,,,,,,,,,,,,,5000,9545843998220.775,1.402623686728601,2608774.747782834,6,S1_point,38.69869275854555
0,0,EQ,,,,,,,,,,,,,,,,,,,,,,5000,25005904696666.75,1.420817377623421,4195195.032087183,7,S1_point,30.359437166330455
0,0,EQ,,,,,,,,,,,,,,,,,,,,,,5000,12425456201580.387,1.12565351239581,3322414.4427668233,8,S1_point,29.2613020509363
0,0,EQ,,,,,,,,,,,,,,,,,,,,,,5000,6929510201365.381,1.5515088932604628,2113363.16979335,9,S1_point,29.736010601323187
0,0,EQ,,,,,,,,,,,,,,,,,,,,,,5000,19696338565942.06,1.1127476840662143,4207212.042382424,10,S1_point,25.867816166844747
0,0,EQ,,,,,,,,,,,,,,,,,,,,,,5000,16536340224545.738,1.590667489862423,3224259.5659423308,11,S1_point,28.453046546359847
0,0,EQ,,,,,,,,,,,,,,,,,,,,,,5000,36461390022583.08,1.2528611328596524,5394673.21761302,12,S1_point,33.13813121730414
0,0,EQ,,,,,,,,,,,,,,,,,,,,,,5000,18117793445388.47,1.166400412302947,3941203.1371467323,13,S1_point,36.77228407683929
0,0,EQ,,,,,,,,,,,,,,,,,,,,,,5000,27751986307081.285,1.4612854646449964,4357922.51465641,14,S1_point,30.755015721300555
0,0,EQ,,,,,,,,,,,,,,,,,,,,,,5000,10051424453601.42,1.6378193475282388,2477312.578999071,15,S1_point,28.11660392458845
0,0,EQ,,,,,,,,,,,,,,,,,,,,,,5000,28684811273840.293,1.1451110271289178,5004978.313393922,16,S1_point,31.724807452525013
0,0,EQ,,,,,,,,,,,,,,,,,,,,,,5000,19726650267467.496,1.3657944527953727,3800441.048818169,17,S1_point,30.868269514622995
0,0,EQ,,,,,,,,,,,,,,,,,,,,,,5000,27651301201757.137,1.097228171341355,5020064.667488214,18,S1_point,28.406965000771496
0,0,EQ,,,,,,,,,,,,,,,,,,,,,,5000,6562126044537.506,3.2480662605366724,1421378.833578771,19,S1_point,32.52801934772671
0,0,DD,,,,,,,,,,,,,,,,,,,,,,5000,2.9828981083182628e+16,1.551932472525555,138638164.26702762,0,S1_point,27.112275592800014
0,0,DD,,,,,,,,,,,,,,,,,,,,,,5000,2.5102478242140188e+16,1.167957958934283,146603620.0672524,1,S1_point,32.36590497861896
0,0,DD,,,,,,,,,,,,,,,,,,,,,,5000,1.666900206673151e+16,1.3625024377790995,110607902.37601002,2,S1_point,24.582843824697495
0,0,DD,,,,,,,,,,,,,,,,,,,,,,5000,2.235742377945312e+16,1.403766151831797,126201203.42509693,3,S1_point,34.11135964868933
0,0,DD,,,,,,,,,,,,,,,,,,,,,,5000,7.688810018119943,1.5875026500248774,2.2007582348563,4,S1_point,29.568447752576862
0,0,DD,,,,,,,,,,,,,,,,,,,,,,5000,3.624109811276195e+16,1.1417454550588584,178162389.3669174,5,S1_point,33.57973389106589
0,0,DD,,,,,,,,,,,,,,,,,,,,,,5000,2.599828578042869e+16,1.2855264850863024,142210558.60780028,6,S1_point,38.69869275854555
0,0,DD,,,,,,,,,,,,,,,,,,,,,,5000,1.8044839339910108e+16,1.5554510685604586,107708092.10646075,7,S1_point,30.359437166330455
0,0,DD,,,,,,,,,,,,,,,,,,,,,,5000,1.609660306872496e+16,1.200590685658189,115789621.03208168,8,S1_point,29.2613020509363
0,0,DD,,,,,,,,,,,,,,,,,,,,,,5000,2.2139391214356196e+16,1.4679005252049793,122810224.23728621,9,S1_point,29.736010601323187
0,0,DD,,,,,,,,,,,,,,,,,,,,,,5000,2.7242884303645332e+16,1.2177652942421684,149570087.13390893,10,S1_point,25.867816166844747
0,0,DD,,,,,,,,,,,,,,,,,,,,,,5000,5852051262126437.0,4.782657520341826,34979968.9390453,11,S1_point,28.453046546359847
0,0,DD,,,,,,,,,,,,,,,,,,,,,,5000,2.3032376937041532e+16,1.2245607481034646,137144757.98516682,12,S1_point,33.13813121730414
0,0,DD,,,,,,,,,,,,,,,,,,,,,,5000,1.9846470095795988e+16,2.1325297586030625,96470401.69840539,13,S1_point,36.77228407683929
0,0,DD,,,,,,,,,,,,,,,,,,,,,,5000,2.1423965986751804e+16,1.2904090935087609,128850535.4539632,14,S1_point,30.755015721300555
0,0,DD,,,,,,,,,,,,,,,,,,,,,,5000,3.200344293337696e+16,1.4224724764775711,149994873.1878399,15,S1_point,28.11660392458845
0,0,DD,,,,,,,,,,,,,,,,,,,,,,5000,1.7812298250771172e+16,1.344587622907759,115097376.5121422,16,S1_point,31.724807452525013
0,0,DD,,,,,,,,,,,,,,,,,,,,,,5000,2.115462027717958e+16,1.5186599167690225,118024549.63445991,17,S1_point,30.868269514622995
0,0,DD,,,,,,,,,,,,,,,,,,,,,,5000,1.7479952087390492e+16,1.0533661910860368,128819150.65770093,18,S1_point,28.406965000771496
0,0,DD,,,,,,,,,,,,,,,,,,,,,,5000,1.9296075836368492e+16,1.4170408522916667,116692599.15995485,19,S1_point,32.52801934772671
0,0,GAUSS,,,,,,,,,,,,,,,,,,,,,,5000,0.035775830523950676,1.9880674634534325,0.13414648683319552,0,S1_point,27.112275592800014
0,0,GAUSS,,,,,,,,,,,,,,,,,,,,,,5000,0.037021238840179355,1.8216246935487386,0.14255945332327932,1,S1_point,32.36590497861896
0,0,GAUSS,,,,,,,,,,,,,,,,,,,,,,5000,0.03800285229457092,1.9026786999881111,0.14132707436769112,2,S1_point,24.582843824697495
0,0,GAUSS,,,,,,,,,,,,,,,,,,,,,,5000,0.03890934374918849,1.8792209576181278,0.14389245735320097,3,S1_point,34.11135964868933
0,0,GAUSS,,,,,,,,,,,,,,,,,,,,,,5000,0.03783840317091894,1.8230047154634577,0.14406965101138777,4,S1_point,29.568447752576862
0,0,GAUSS,,,,,,,,,,,,,,,,,,,,,,5000,0.038184994490299856,1.8578208260808773,0.1433654336329246,5,S1_point,33.57973389106589
0,0,GAUSS,,,,,,,,,,,,,,,,,,,,,,5000,0.03850463722601965,1.814724888047903,0.1456636272324237,6,S1_point,38.69869275854555
0,0,GAUSS,,,,,,,,,,,,,,,,,,,,,,5000,0.03729772445892102,1.8504303303452307,0.1419726860210611,7,S1_point,30.359437166330455
0,0,GAUSS,,,,,,,,,,,,,,,,,,,,,,5000,0.03826878044415647,1.8010025857220744,0.14576898942982705,8,S1_point,29.2613020509363
0,0,GAUSS,,,,,,,,,,,,,,,,,,,,,,5000,0.036500332960938554,1.8520105184005027,0.14038693378174052,9,S1_point,29.736010601323187
0,0,GAUSS,,,,,,,,,,,,,,,,,,,,,,5000,0.03640161086599325,1.873511519040756,0.13939016030433918,10,S1_point,25.867816166844747
0,0,GAUSS,,,,,,,,,,,,,,,,,,,,,,5000,0.03938082208691934,1.9352031871241138,0.14265240689445569,11,S1_point,28.453046546359847
0,0,GAUSS,,,,,,,,,,,,,,,,,,,,,,5000,0.03891158028462244,1.8328366482366767,0.14570603974516907,12,S1_point,33.13813121730414
0,0,GAUSS,,,,,,,,,,,,,,,,,,,,,,5000,0.03668340270649619,1.919257169345346,0.13825098077686807,13,S1_point,36.77228407683929
0,0,GAUSS,,,,,,,,,,,,,,,,,,,,,,5000,0.038353171068830814,1.8333982305731267,0.14463461198804348,14,S1_point,30.755015721300555
0,0,GAUSS,,,,,,,,,,,,,,,,,,,,,,5000,0.038338077421370076,1.8000332472848122,0.1459401880961939,15,S1_point,28.11660392458845
0,0,GAUSS,,,,,,,,,,,,,,,,,,,,,,5000,0.03768299552589634,1.7801899479189152,0.14549214179195696,16,S1_point,31.724807452525013
0,0,GAUSS,,,,,,,,,,,,,,,,,,,,,,5000,0.0373721983284417,1.839169982535759,0.14254874147833677,17,S1_point,30.868269514622995
0,0,GAUSS,,,,,,,,,,,,,,,,,,,,,,5000,0.03944621647898075,1.9265622516307002,0.1430906160897691,18,S1_point,28.406965000771496
0,0,GAUSS,,,,,,,,,,,,,,,,,,,,,,5000,0.037765696933918624,1.860789817220026,0.1424623458697797,19,S1_point,32.52801934772671
1000,64,ROI,0.0423733873368985,0.004559793158899275,0.05215469059756467,0.03436133750015613,0.017793353097408537,True,0.041975435310291125,1.2981763705752807,0.1211076883368429,1.5569539121401426,1.0852801150556732,0.4716737970844693,True,1.2843916204291101,0.18103589364035513,0.01346699723113318,0.20964227518452247,0.1551893392312963,0.05445293595322617,True,0.18060634744067122,1000,,,,0,S2_main,
1000,64,ROI,0.0723863607772765,0.0071340460315734485,0.08644953969940826,0.05904532704215275,0.02740421265725551,True,0.07219161343081082,1.1906963506280688,0.09307130468034792,1.3925758347895216,1.039522996707504,0.3530528380820177,True,1.180712726806779,0.24680766017379488,0.015326106875043457,0.2774956936460408,0.21787860600415238,0.059617087641888444,True,0.24641406268173413,1000,,,,1,S2_main,
1000,64,ROI,0.029143379189423727,0.002967558306419707,0.03522343171558857,0.02363001498986754,0.011593416725721027,True,0.028946998060977266,1.1404678710045404,0.07657499270085331,1.3114324176568024,1.0211975366484503,0.29023488100835215,True,1.1274011918883118,0.15991086336690075,0.009687511743111762,0.17863922111653,0.14206426589206186,0.03657495522446813,True,0.15973994718399598,1000,,,,2,S2_main,
1000,64,ROI,0.07252540156153185,0.007402979839747829,0.08794105803823099,0.05847537702570891,0.02946568101252208,True,0.07210153598874755,1.5123509770095152,0.14819901089070453,1.8405778183581678,1.2430948377010302,0.5974829806571376,True,1.5082740670911403,0.2193783982233121,0.01394299438901292,0.24762360810770276,0.19256720882173764,0.05505639928596512,True,0.2186864147514898,1000,,,,3,S2_main,
1000,64,ROI,0.08945625658754361,0.010306668439171007,0.111313381944824,0.07057579445793961,0.040737587486884386,True,0.08890200883082011,1.6460679742942066,0.16960662714218858,2.0055248740827594,1.3340696638235474,0.671455210259212,True,1.6400633196161363,0.23367744021621187,0.01826208968083929,0.26900042931760515,0.19943660120705292,0.06956382811055223,True,0.23230520460184462,1000,,,,4,S2_main,
1000,64,ROI,0.10143432277473227,0.010512587759524383,0.12393774137863937,0.08280870560565193,0.041129035772987446,True,0.10112615736837316,1.3149032164880863,0.12572285871777514,1.5736840029548445,1.095228835751173,0.4784551672036714,True,1.303572962625384,0.2783756515310661,0.020384945299327217,0.32147780830732686,0.23925274113765216,0.0822250671696747,True,0.27760022160646886,1000,,,,5,S2_main,
1000,64,ROI,0.06770707630754137,0.006922269032172792,0.08230817850006798,0.05539693484514838,0.026911243654919606,True,0.06728809322078169,2.2980966659487194,0.22115647959563,2.7871605827034203,1.9129080805858942,0.874252502117526,True,2.2840863578775252,0.17200459102629756,0.0119243715538147,0.19628209349230524,0.1506209409870127,0.04566115250529254,True,0.17172379192422926,1000,,,,6,S2_main,
1000,64,ROI,0.05436078642050141,0.0054430534238125335,0.0655368796179666,0.04460795085091154,0.020928928767055058,True,0.0541345347066515,1.3641671264309652,0.12220574411809733,1.6060978927912257,1.1353501164315165,0.4707477763597092,True,1.3577426165120772,0.19993891599496325,0.012966062203401784,0.2266217015253387,0.17600171024528005,0.050619991280058646,True,0.1999528964415577,1000,,,,7,S2_main,
1000,64,ROI,0.05084461810286201,0.005493759100142136,0.061878842007338786,0.04073103780485199,0.021147804202486797,True,0.05056360852772543,1.1338951896511125,0.0757517487053462,1.305292652301673,1.0245692383872138,0.2807234139144592,True,1.1232499879111477,0.21181869618696209,0.013763324571982968,0.23782161156117995,0.18427144657820707,0.05355016498297288,True,0.21198268403952186,1000,,,,8,S2_main,
1000,64,ROI,0.04410397970077758,0.005013599852461924,0.054613879968453606,0.03502638405979533,0.019587495908658277,True,0.043863428131540205,1.2413377894479163,0.11716374138098841,1.5023952814282409,1.0487690559204348,0.45362622550780607,True,1.2271769031924737,0.18874824676301316,0.013079740394042019,0.21462389096400716,0.16379593875151638,0.050827952212490785,True,0.1886577135173813,1000,,,,9,S2_main,
1000,64,ROI,0.06647306232374828,0.007218867478916485,0.08121393084026111,0.05349310097649693,0.027720829863764188,True,0.06624036437463268,1.8621942810170697,0.18465292607603942,2.2576528891844894,1.5197086113935379,0.7379442777909515,True,1.851739698434673,0.18937794767108274,0.014351456612976073,0.21815476925585223,0.16322485094951678,0.05492991830633545,True,0.1888122086622232,1000,,,,10,S2_main,
1000,64,ROI,0.0391327320752849,0.004126022575462533,0.047615817530774325,0.0313731194160517,0.016242698114722627,True,0.039023991018084694,1.2894903796368316,0.11874329973381925,1.5498974644002026,1.0880379997917768,0.46185946460842575,True,1.2791952132555973,0.1745432818108621,0.01263023016668692,0.2012106066249026,0.15083129063383596,0.050379315991066626,True,0.17441227282065608,1000,,,,11,S2_main,
1000,64,ROI,0.07159799303115426,0.007809144442201546,0.08755957088355064,0.05783768996417099,0.029721880919379648,True,0.07115999366486012,1.3121152560166707,0.13131203501647967,1.6049256513324421,1.076814401921492,0.5281112494109501,True,1.2987437576488816,0.23411067261824808,0.017247528217869894,0.26789161563616853,0.2015646602850279,0.06632695535114064,True,0.2341082927443885,1000,,,,12,S2_main,
1000,64,ROI,0.06379796193887922,0.00641248331012253,0.07694009848372411,0.05227163288699468,0.024668465596729437,True,0.06347800098410879,2.0041013247892767,0.19405393439805227,2.402199347203591,1.6681717291528315,0.7340276180507597,True,1.98951791597896,0.1787891660826362,0.012055552284318498,0.20431424972917722,0.1577537836308234,0.04656046609835382,True,0.17867921693366057,1000,,,,13,S2_main,
1000,64,ROI,0.051090283355665476,0.005535887564879606,0.06327150243174734,0.04101465829377298,0.02225684413797436,True,0.05070144506709161,1.2780495971082082,0.11890048411569414,1.5426052490671165,1.0823469285273737,0.4602583205397428,True,1.2696888659995118,0.2002494815870373,0.013742477890424938,0.22725849540038495,0.17439838883488176,0.05286010656550319,True,0.2002224978083499,1000,,,,14,S2_main,
1000,64,ROI,0.042036076258539425,0.004558965943619123,0.051393281621715727,0.03334117599418668,0.01805210562752905,True,0.04169541184696501,1.1791387107864153,0.09740723517346402,1.3873155322133595,1.0268328635825077,0.36048266863085177,True,1.1721060103518333,0.18900757080999087,0.012843823854887504,0.2147978762226109,0.16546691105597983,0.049330965166631074,True,0.18879779069285962,1000,,,,15,S2_main,
1000,64,ROI,0.0499197052673999,0.004955134689100872,0.05950181650663782,0.04080622715060894,0.01869558935602888,True,0.049895501318180054,1.5558524493392214,0.15362818871638237,1.889309974295865,1.285676782869781,0.603633191426084,True,1.5454195337300316,0.17950867976906537,0.011885788627935592,0.20182327703792216,0.15507875348481567,0.04674452355310649,True,0.1798626756984832,1000,,,,16,S2_main,
1000,64,ROI,0.08022729936169432,0.010075163238724427,0.10209439061747114,0.06229381203318347,0.03980057858428767,True,0.0792417843043313,1.1569248917076078,0.08917411966195547,1.378265744934978,1.0258992068644743,0.35236653807050367,True,1.1439857089124261,0.2633811085185754,0.01917106357972536,0.30051713298381055,0.227258615853993,0.07325851712981754,True,0.2622445180750571,1000,,,,17,S2_main,
1000,64,ROI,0.05712950819652979,0.005921368202901207,0.06950320255321463,0.04586859034424112,0.023634612208973504,True,0.05684851229484,1.362541874605523,0.1341729343089515,1.6370346585414954,1.1195471808366144,0.517487477704881,True,1.3531833669287598,0.20522979007175243,0.014655583469674577,0.23499805397283663,0.1775289248768207,0.057469129096015925,True,0.20484562761962055,1000,,,,18,S2_main,
1000,64,ROI,0.063875526904657,0.007039359498269786,0.07884171616050951,0.05113345981747032,0.027708256343039195,True,0.06342123994222386,1.2395718446859718,0.1165708574781698,1.5008541516676737,1.0502654463109937,0.45058870535667994,True,1.2274276296744913,0.22735632303501915,0.015812443181126935,0.2589541632329122,0.19543033387868025,0.06352382935423195,True,0.22715780653191947,1000,,,,19,S2_main,
500,1,ROI,0.039317642554300404,0.004773724388346117,0.049185795754043,0.030846781646679505,0.018339014107363494,True,0.038955679235671364,1.2848618316857336,0.11714649682662708,1.5635751924578056,1.1010483481245743,0.4625268443332313,True,1.2710016012316343,0.17521620377567104,0.014119560829794554,0.20083751519542103,0.14837024993909068,0.05246726525633036,True,0.17501695010501,1000,,,,0,S3_Lsens,
500,1,ROI,0.06878936889714564,0.007848301275644372,0.08624828773110785,0.054552102266979645,0.0316961854641282,True,0.0685291174616183,1.2019430787083112,0.08252050355964535,1.3838644480981612,1.0602921438706117,0.32357230422754957,True,1.1937129102521897,0.23924875461478778,0.015688033320615614,0.27082400009723834,0.21212835532433183,0.05869564477290651,True,0.23973774455205962,1000,,,,1,S3_Lsens,
500,1,ROI,0.06365476303614175,0.007258835216055151,0.07917338535824646,0.050087683786445535,0.029085701571800925,True,0.0632041656397471,1.627459506918909,0.15776913841916604,1.9343401829791262,1.3614518091819796,0.5728883737971466,True,1.6099283132400997,0.1982063837279556,0.015804891871239644,0.23059395503658964,0.16893097614165486,0.06166297889493477,True,0.1973936689146872,1000,,,,42,S3_Lsens,
500,16,ROI,0.04216300246992607,0.004488174999694799,0.05121664158606956,0.032838539165543496,0.018378102420526066,True,0.041968038803724225,1.2823289421408826,0.10782556403126252,1.499540462054841,1.083809275983795,0.415731186071046,True,1.2783216689077377,0.18161587548600888,0.01328605607968959,0.20704510842711105,0.1551101327459479,0.05193497568116315,True,0.18103585370443306,1000,,,,0,S3_Lsens,
500,16,ROI,0.07328763771406223,0.007122862527070585,0.0882157652496056,0.06039874657120053,0.027817018678405074,True,0.07305207114331749,1.1872484200036282,0.08391104035080123,1.3588615678549019,1.0437971164900084,0.31506445136489347,True,1.1821512851752427,0.24863083661323007,0.01509693136217625,0.2786675842988765,0.22127280448809605,0.05739477981078045,True,0.24890735275946646,1000,,,,1,S3_Lsens,
500,16,ROI,0.06666523322227266,0.006849892957181683,0.08070439479575003,0.0529131379009188,0.027791256894831237,True,0.06653162790488303,1.6468671924674367,0.16181419028078145,1.990767938803993,1.3541927997169994,0.6365751390869936,True,1.6458868088725418,0.20168839981301925,0.014856780925180516,0.23104536291014305,0.17572717041382757,0.05531819249631548,True,0.20093322102012598,1000,,,,42,S3_Lsens,
500,256,ROI,0.04243565992571073,0.005721882406877618,0.05599822294669906,0.03299212024819065,0.02300610269850841,True,0.042012264963852713,1.3360955446790077,0.1576920954424514,1.654745052740726,1.0866148931400923,0.5681301596006336,True,1.3252710385874134,0.1786580242343014,0.015005384887803255,0.20918077605666874,0.151444220761558,0.057736555295110736,True,0.17840598300115115,1000,,,,0,S3_Lsens,
500,256,ROI,0.07264539302673066,0.009362366035594724,0.09255437372423893,0.05532550466182467,0.03722886906241426,True,0.07158411786982882,1.2239640652648316,0.1198622012437317,1.4937574731785914,1.0456033559337239,0.44815411724486753,True,1.205861948328871,0.24396962746764625,0.019577736601195737,0.2812519325875189,0.20639862155830965,0.07485331102920925,True,0.24414774476830942,1000,,,,1,S3_Lsens,
500,256,ROI,0.06641367410178185,0.009104541752672002,0.08567021323647081,0.050875885703313764,0.034794327533157046,True,0.06610050216558278,1.7038695286281436,0.2681105683599913,2.2762799214651364,1.2538922236018708,1.0223876978632656,True,1.6997564267351912,0.19848807591604883,0.017706496995833654,0.23554939789737508,0.16641753731960623,0.06913186057776885,True,0.19949176657904427,1000,,,,42,S3_Lsens,
500,64,EQ,10293579742292.1,1888886358762.6677,14587219533873.656,7123889749677.702,7463329784195.954,True,10012727355744.68,1.2234862363741923,0.10737202667802932,1.4708878863485777,1.0625974390088768,0.4082904473397009,True,1.208293191701192,2897391.5914999912,295839.59074681735,3508093.3258869094,2359556.2807813506,1148537.0451055588,True,2901717.8875908856,1000,,,,0,S4_other,
500,64,EQ,9775323503899.455,1845020965061.6714,13951942864916.197,6858286990006.836,7093655874909.361,True,9584417830583.129,2.568895710995627,0.3389697008586272,3.31951952939731,2.0235891579971113,1.2959303714001988,True,2.5352617584724206,1960434.7116559907,269291.8671376757,2544091.2877683393,1499266.7562783638,1044824.5314899755,True,1919909.3605004195,1000,,,,1,S4_other,
500,64,EQ,7458170180102.436,1920551558508.431,11718185708383.89,4441161394743.058,7277024313640.833,True,7247519169280.453,1.2750356483019674,0.13792758561936877,1.5614577814015156,1.0544166260274883,0.5070411553740273,True,1.2609787982520397,2416775.9940128517,379737.80014265195,3216797.9494524607,1699055.542528747,1517742.4069237136,True,2391579.829518847,1000,,,,42,S4_other,
500,64,DD,3.732350145884554e+16,5261390708977225.0,4.938029060952659e+16,2.8285631747953796e+16,2.1094658861572796e+16,True,3.686868372932674e+16,1.5101689471747026,0.19233253421576751,1.9268885435716332,1.1631433134607785,0.7637452301108547,True,1.4934458450060664,157852231.7720406,15794572.68338125,190429255.25667956,131775129.60109782,58654125.65558174,True,155726116.37388706,1000,,,,0,S4_other,
500,64,DD,3.3945273712229016e+16,5457548493606881.0,4.547737559723939e+16,2.504126576623649e+16,2.0436109831002904e+16,True,3.3483585126594564e+16,1.2401694228563043,0.13817371390673946,1.5675192257840609,1.0319905454690244,0.5355286803150365,True,1.2201601462543212,165615910.34510827,15464217.515759602,196720496.4342909,137887735.9888869,58832760.44540399,True,163898116.29048228,1000,,,,1,S4_other,
500,64,DD,3.624769922301552e+16,5498393011050595.0,4.921151465427977e+16,2.7537311412176332e+16,2.1674203242103436e+16,True,3.56632838753768e+16,1.2400420763252824,0.1555901463548923,1.6293392314780861,1.0343724314060347,0.5949668000720514,True,1.2060568282293485,171331973.7950775,15217368.21025009,202951378.95087528,144017499.62648308,58933879.3243922,True,171466425.28633565,1000,,,,42,S4_other,
500,64,GAUSS,0.038375949109753185,0.002688119918334168,0.04402306612283227,0.03342887240251462,0.010594193720317654,True,0.03822612846959903,1.8970758899578954,0.1328687638804832,2.172172039088133,1.669278222446606,0.5028938166415269,True,1.8914517529022865,0.1424009326485309,0.007033122365333579,0.1561634181169429,0.12854651342971263,0.02761690468723027,True,0.14254197998998905,1000,,,,0,S4_other,
500,64,GAUSS,0.039961352972410935,0.0030382848270782644,0.04623830815146413,0.03458300342406739,0.011655304727396738,True,0.03979978662908321,1.8280433568154744,0.12727829932664572,2.077653708892085,1.5917451672596357,0.4859085416324491,True,1.823634175480802,0.1480146886554096,0.007639390355894467,0.16318507480800062,0.13360127470331865,0.02958380010468198,True,0.14751777072290972,1000,,,,1,S4_other,
500,64,GAUSS,0.03761134230612979,0.002724935893854494,0.04366346424635663,0.03258167527808218,0.011081788968274449,True,0.03740543753981734,1.8049836065861005,0.12118335239031972,2.0517626988346134,1.5902794179556188,0.4614832808789946,True,1.8038655542687736,0.14448927916490187,0.006876338247319751,0.15906100879153706,0.1308839991228852,0.02817700966865186,True,0.14446525463358859,1000,,,,42,S4_other,
