axis,param,seed,lam,det,kappa,sigma,I,clip
gamma,0.05,mean,0.14732,0.02867,1.39,2.5923,0.049,0
gamma,0.075,mean,0.1853,0.04357,1.28,2.3388,0.159,0
gamma,0.1,mean,0.22163,0.06825,1.41,2.1178,0.01,0
gamma,0.15,mean,0.23526,0.07551,1.37,2.0031,0.021,0
gamma,0.2,mean,0.28045,0.11817,1.51,1.8429,0.445,0
gamma,0.25,mean,0.38162,0.21265,1.45,1.6034,0.116,0
gamma,0.3,mean,0.33079,0.22444,2.05,1.6164,0.201,0
gamma,0.35,mean,0.40488,0.28017,1.71,1.5392,0.171,0
gamma,0.4,mean,0.39162,0.24771,1.63,1.5349,0.029,0
gamma,0.5,mean,0.47276,0.36265,1.62,1.4,0.133,0
cs,0.2,mean,1.69564,6.06398,1.84,0.9444,0.002,0
cs,0.4,mean,0.57788,0.40698,1.24,1.3774,0.086,0
cs,0.6,mean,0.33674,0.17742,1.57,1.7348,0.023,0
cs,0.8,mean,0.25908,0.09632,1.43,1.9434,0.06,0
cs,1.0,mean,0.22163,0.06825,1.41,2.1178,0.01,0
cs,1.2,mean,0.13218,0.03326,1.9,2.4892,0.063,0
cs,1.4,mean,0.12926,0.02465,1.51,2.7059,0.108,0
cs,1.6,mean,0.10206,0.02227,2.25,2.8905,0.092,0
cs,1.8,mean,0.085,0.01172,1.67,3.3053,0.479,0
