family,kde_kappa,kde_lam_max,kde_lam_min,knn_kappa,knn_lam_min,param_c,true_kappa,true_lam_max,true_lam_min
closed-gauss,1.0297488689466796,0.9632575186109785,0.9354394607536918,1.0305247583423776,9.995607593174086,nan,1.0,1.0,1.0
closed-gauss,2.0320877456512987,0.9566947349451659,0.47094539963206833,1.0378875824251095,7.481539455125796,nan,2.0,1.0,0.5
closed-gauss,3.5658280643364257,0.9566279338696931,0.26836354593875056,1.0411438869921632,5.7978387354223,nan,3.5100035100035103,1.0,0.2849
closed-gauss,4.907595892190526,0.9566125780077093,0.19498824531117856,1.0408553715920978,5.0397872159500645,nan,4.830917874396135,1.0,0.207
closed-gauss,10.158372563624944,0.9565957740411621,0.0941988843768388,1.0297446509310346,3.644179777416091,nan,10.0,1.0,0.1
closed-gauss,20.31647079265211,0.9565892064561097,0.04709976742177463,1.0606859386588798,2.617731293487552,nan,20.0,1.0,0.05
closed-gauss,33.860614827778214,0.9565867671309549,0.028259932929712052,1.0392052080209806,2.065567215243954,nan,33.333333333333336,1.0,0.03
closed-gauss,101.58135538083243,0.9565844254077456,0.009420000835163016,1.1423099890214896,1.147132230105217,nan,100.0,1.0,0.01
closed-gauss,203.1624722914218,0.9565838545438119,0.004710003244453418,1.250504034666662,0.7644084928741198,nan,200.0,1.0,0.005
closed-gauss,507.90582585123855,0.9565835147445874,0.0018840019708825768,1.473607952530964,0.4181691392862654,nan,500.0,1.0,0.002
closed-gauss,1015.8114160372764,0.956583401927122,0.000942001097196201,1.922441159886945,0.23134573387882237,nan,1000.0,1.0,0.001
closed-gauss,2031.622596783565,0.9565833456025344,0.00047100057649035736,2.867003591365401,0.1082406046878377,nan,2000.0,1.0,0.0005
closed-gauss,10158.112043993182,0.9565833005827482,9.420011975288552e-05,12.06294362282458,0.008434152532442027,nan,10000.0,1.0,0.0001
curved,5.028885918428419,0.9764155271942272,0.19416139937001545,1.035838755675703,5.023796458569556,0.0,4.8309178743961345,0.9999999999999997,0.20699999999999996
curved,4.810902711270725,1.5640315451737814,0.32510147035600034,1.0352460258903964,6.939041853481166,0.25,4.8340062268038055,1.839219997536223,0.3804753058318454
curved,4.861216761145268,1.9499303387375537,0.4011198089998694,1.0842112436124327,7.758697899674431,0.5,4.88432750351075,2.5153752660885202,0.5149890674367192
curved,4.903388045495288,2.51973419153758,0.5138761542343042,1.029154423046645,9.175340492469331,1.0,5.173472408012189,3.8872594110147483,0.7513830372410077
curved,4.927565413363002,3.3079521838478723,0.6713157322837519,1.0551362197897227,10.421923264992888,2.0,5.808808441768621,6.863520590511799,1.1815711706310026
curved,4.9232229710869735,4.30603657327193,0.8746377319411195,1.1030753818805257,12.568521556220517,4.0,6.021543238297034,12.384649429318408,2.0567234908406866
