gamma,c_mem,seed,sigma_pair,maxI_on,maxI_off,thr_q99,thr_qmax,n_sig_old,roi_old,roi_new,p_surr,n_surr,clip_on,clip_off,q_max_unit,q99_pooled_unit,n_null
0.1,0.5,42,1.5808455429910175,0.04362025993689092,2.6483556469263696e-08,0.012566986949124184,0.018977736346387615,44,True,True,0.03225806451612903,30,0,0,0.007593911482418084,0.005028660149476563,400
0.1,1.0,42,1.8023909996053065,0.17919121634744298,8.456762927257077e-08,0.016336172320503665,0.024669681958194425,87,True,True,0.03225806451612903,30,0,0,0.007593911482418084,0.005028660149476563,400
0.1,2.0,42,1.9575458958468084,0.5626373357272317,2.141312400436759e-07,0.01926975496140388,0.02909976198729987,34,True,True,0.03225806451612903,30,0,0,0.007593911482418084,0.005028660149476563,400
0.1,5.0,42,2.2097512942468405,1.332801597868423,3.812478295038674e-07,0.024554951444446423,0.03708107571031815,34,True,True,0.01,99,0,0,0.007593911482418084,0.005028660149476563,400
0.1,10.0,42,2.4222231410758144,1.5779616770110216,1.1749121186181323e-06,0.02950397855014795,0.04455473124631558,22,True,True,0.03225806451612903,30,0,0,0.007593911482418084,0.005028660149476563,400
0.2,0.5,42,1.3641096633145426,0.01654684983130019,7.078730230687161e-10,0.009357306535559731,0.014130713834835181,13,True,True,0.03225806451612903,30,0,0,0.007593911482418084,0.005028660149476563,400
0.2,1.0,42,1.4375695805668145,0.048470163581195935,1.4216888125179446e-09,0.01039226074029295,0.01569362530339377,88,True,True,0.03225806451612903,30,0,0,0.007593911482418084,0.005028660149476563,400
0.2,2.0,42,1.6067111285441045,0.27400770408451314,2.6946679359113795e-09,0.01298159002066002,0.01960383931059559,118,True,True,0.03225806451612903,30,0,0,0.007593911482418084,0.005028660149476563,400
0.2,5.0,42,1.8403378111245663,0.9152022875637384,8.116139049939143e-09,0.017031283729332,0.025719387914086223,21,True,True,0.03225806451612903,30,0,0,0.007593911482418084,0.005028660149476563,400
0.2,10.0,42,2.0183387821170258,1.0905460356407226,9.739934262893618e-09,0.020485209802562722,0.030935252197469978,26,True,True,0.03225806451612903,30,0,0,0.007593911482418084,0.005028660149476563,400
0.5,0.5,42,1.2802290999443922,3.78608579080619e-05,2.762184514129891e-10,0.00824190634118777,0.012446318769001536,0,False,False,0.03225806451612903,30,0,0,0.007593911482418084,0.005028660149476563,400
0.5,1.0,42,1.173624875454303,4.2488016833212766e-08,5.733943852699231e-10,0.006926453097995816,0.010459818351171693,0,False,False,0.03225806451612903,30,0,0,0.007593911482418084,0.005028660149476563,400
0.5,2.0,42,1.2167091153537706,0.0003520175689094112,1.4001557281206701e-09,0.007444333299712942,0.011241882816344594,0,False,False,0.03225806451612903,30,0,0,0.007593911482418084,0.005028660149476563,400
0.5,5.0,42,1.407154342187126,0.34314818059394814,3.949996380240915e-09,0.009957166198259286,0.015036577632548325,27,True,True,0.03225806451612903,30,0,0,0.007593911482418084,0.005028660149476563,400
0.5,10.0,42,1.5767372472881243,0.8931087736957031,4.609196915943064e-09,0.012501753742487005,0.018879225971418532,34,True,True,0.03225806451612903,30,0,0,0.007593911482418084,0.005028660149476563,400
1.0,0.5,42,1.289324897102991,2.4557249945941243e-10,2.0375241026735318e-10,0.008359436899995555,0.01262380474608797,0,False,False,0.7096774193548387,30,0,0,0.007593911482418084,0.005028660149476563,400
1.0,1.0,42,1.288967637875114,6.302848705338786e-06,3.701199025650849e-10,0.008354804906591618,0.0126168098514538,0,False,False,0.03225806451612903,30,0,0,0.007593911482418084,0.005028660149476563,400
1.0,2.0,42,1.2834088848648364,1.2250068684458472e-09,5.828793029607541e-10,0.00828289906052099,0.012508222948800305,0,False,False,0.06451612903225806,30,0,0,0.007593911482418084,0.005028660149476563,400
1.0,5.0,42,1.2276748879966335,3.193915556555323e-09,1.4302726682368593e-09,0.00757912431855016,0.011445434266482127,0,False,False,0.03225806451612903,30,0,0,0.007593911482418084,0.005028660149476563,400
1.0,10.0,42,1.2714489492973782,0.15746508364083295,1.7417770027678986e-09,0.008129243647451205,0.012276183882535745,20,True,True,0.03225806451612903,30,0,0,0.007593911482418084,0.005028660149476563,400
2.0,0.5,42,1.2884331885753777,7.40466728096596e-08,1.8959580835625925e-10,0.00834787797718622,0.012606349313818335,0,False,False,0.03225806451612903,30,0,0,0.007593911482418084,0.005028660149476563,400
2.0,1.0,42,1.2893247820394562,2.374988388844894e-10,2.5120331116277547e-10,0.00835943540794911,0.012623802492909529,0,False,False,0.5806451612903226,30,0,0,0.007593911482418084,0.005028660149476563,400
2.0,2.0,42,1.2893254693069154,3.786785218477131e-10,3.9860347968622526e-10,0.0083594443198533,0.012623815951009611,0,False,False,0.41935483870967744,30,0,0,0.007593911482418084,0.005028660149476563,400
2.0,5.0,42,1.2935398064401045,9.209883357684737e-10,5.524412412212396e-10,0.00841418161265248,0.012706476171415924,0,False,False,0.06451612903225806,30,0,0,0.007593911482418084,0.005028660149476563,400
2.0,10.0,42,1.2834090504274986,2.2225618045639897e-09,7.188531626053763e-10,0.008282901197546726,0.012508226175978873,0,False,False,0.03225806451612903,30,0,0,0.007593911482418084,0.005028660149476563,400
