gamma,seed,d,lam,det,kappa,sigma1,gauss_lam,gauss_est
0.05,42,2,0.07822705620828876,0.006605360173844386,1.0794002857080074,3.560159930139332,0.07889708982935428,0.07404285549963108
0.05,42,3,0.06551099389820281,0.00036236723498429677,1.1750546875272174,3.560159930139332,0.07889708982935428,0.06694749436154607
0.05,42,4,0.04700461249137365,7.822795787761587e-06,1.216622109742817,3.560159930139332,0.07889708982935428,0.05535737607360093
0.05,42,5,0.028960118881393156,4.803956292057564e-08,1.4681147141152713,3.560159930139332,0.07889708982935428,0.03978825580302269
0.05,100,2,0.07339788909891559,0.0056764760017775345,1.0536871076957879,3.6181509607862097,0.07638826286298064,0.0717216129120251
0.05,100,3,0.062406656413571966,0.00029093354880500665,1.1269886597434045,3.6181509607862097,0.07638826286298064,0.06488381847742847
0.05,100,4,0.047019125044412385,7.731451596688116e-06,1.2272293853895202,3.6181509607862097,0.07638826286298064,0.05372813317614432
0.05,100,5,0.028523443984318376,3.8574788954710606e-08,1.311834091988092,3.6181509607862097,0.07638826286298064,0.03862545643940771
0.1,42,2,0.10108932655546872,0.01098420807798332,1.0748754521241517,3.1258649658339537,0.10234333712568727,0.09720310142690858
0.1,42,3,0.089745856297471,0.0009284061732556678,1.2625046519039513,3.1258649658339537,0.10234333712568727,0.08974544359609672
0.1,42,4,0.062311618134485144,2.659139045581254e-05,1.3853816418399985,3.1258649658339537,0.10234333712568727,0.07239960736299439
0.1,42,5,0.038256267745112704,2.1305139153281563e-07,1.4734023947568191,3.1258649658339537,0.10234333712568727,0.05258501572235105
0.1,100,2,0.11290262089908965,0.013359563550043786,1.0480553587022712,2.988286292020089,0.11198390165741619,0.10363144882907822
0.1,100,3,0.0929078369166101,0.0011523362830884647,1.2366870545327553,2.988286292020089,0.11198390165741619,0.09312976195475497
0.1,100,4,0.06759555419087357,3.29541880335854e-05,1.1892664793694137,2.988286292020089,0.11198390165741619,0.07866492422921281
0.1,100,5,0.03948222280520998,1.9007175607484955e-07,1.2609154403792442,2.988286292020089,0.11198390165741619,0.05624828132143213
0.2,42,2,0.13860918018901228,0.01964119810176772,1.0223132419656533,2.7273368872416044,0.1344381189699863,0.12545320644287905
0.2,42,3,0.11572474551122972,0.0019724175768020113,1.2434472193102921,2.7273368872416044,0.1344381189699863,0.11312065351590879
0.2,42,4,0.07576441104108987,6.713298984372807e-05,1.4836787231123827,2.7273368872416044,0.1344381189699863,0.09512975376607802
0.2,42,5,0.044924825837434436,5.834534216202155e-07,1.635906176306009,2.7273368872416044,0.1344381189699863,0.06906658386149746
0.2,100,2,0.14759679186762492,0.0244782548932392,1.1236385149315244,2.587468137961006,0.1493653905564772,0.14226225985209237
0.2,100,3,0.12627026559731497,0.002819016647388964,1.2216195896600042,2.587468137961006,0.1493653905564772,0.13169737965782857
0.2,100,4,0.08170193327002621,9.51364423654095e-05,1.3452027637020412,2.587468137961006,0.1493653905564772,0.10563838014078449
0.2,100,5,0.0481194561792029,7.110303336335904e-07,1.414529987614015,2.587468137961006,0.1493653905564772,0.07657228450272846
0.3,42,2,0.16373035620533516,0.029735861652822358,1.1092312957020583,2.5198692069399105,0.1574867428977637,0.14992996606222372
0.3,42,3,0.12885786563860185,0.003118881551959378,1.2653517437482924,2.5198692069399105,0.1574867428977637,0.13880222498228914
0.3,42,4,0.08670031266732779,0.00011970968574368257,1.4400117435832331,2.5198692069399105,0.1574867428977637,0.11136620673344592
0.3,42,5,0.048010667717971876,9.77246687163087e-07,1.6903630391960855,2.5198692069399105,0.1574867428977637,0.08099834228907021
0.3,100,2,0.18477701478252315,0.03628910589306982,1.062870553119623,2.4633572551145924,0.1647954428044248,0.15699746204462886
0.3,100,3,0.1518080527425012,0.004441096281948914,1.1710407247676013,2.4633572551145924,0.1647954428044248,0.14532939708254614
0.3,100,4,0.0956682787992953,0.00017417216523034183,1.3553740827083207,2.4633572551145924,0.1647954428044248,0.11694538934284822
0.3,100,5,0.05285375808268605,1.2081792158635556e-06,1.4960195482124374,2.4633572551145924,0.1647954428044248,0.08534001611226683
0.5,42,2,0.20561989530443206,0.05087563823458331,1.203315755472195,2.241069585870328,0.19910827809734574,0.19002329660841924
0.5,42,3,0.16852659729533956,0.007396584599615001,1.2604770764427704,2.241069585870328,0.19910827809734574,0.17573379997399824
0.5,42,4,0.10681767017274489,0.00028330042869325895,1.4691429094885362,2.241069585870328,0.19910827809734574,0.14109378823764251
0.5,42,5,0.0559574916327067,1.9446936675233793e-06,1.5054020004939497,2.241069585870328,0.19910827809734574,0.10278608425778506
0.5,100,2,0.19129090356746328,0.049459164310568404,1.3516309782212772,2.3091267336558885,0.18754455570731282,0.17909092889573835
0.5,100,3,0.15425481032364952,0.006373756828581703,1.357051378366263,2.3091267336558885,0.18754455570731282,0.16555874222508135
0.5,100,4,0.10016264535703337,0.00023123907703664713,1.4479480421967268,2.3091267336558885,0.18754455570731282,0.13327540670114688
0.5,100,5,0.05036044626866487,1.5980351211702261e-06,1.933080863647946,2.3091267336558885,0.18754455570731282,0.09766050481646157
1.0,42,2,16007327.910306351,325197850714040.0,1.2691413189191856,0.0002599404523568008,14799677.754516305,14398239.800840594
1.0,42,3,13778749.466301722,4.978926343884383e+21,1.3902063158538087,0.0002599404523568008,14799677.754516305,13661503.309521805
1.0,42,4,10230285.680152925,4.398335087886718e+28,1.953136090670744,0.0002599404523568008,14799677.754516305,11404194.872849206
1.0,42,5,6738639.89356186,1.2274119412580056e+35,2.2039230710806867,0.0002599404523568008,14799677.754516305,8758683.775497824
1.0,100,2,12877851.794662707,218360135802100.34,1.3166990140254284,0.00028981028921575567,11906178.777552243,11535275.901491633
1.0,100,3,11652472.66180898,3.5920381690562316e+21,1.673666631071826,0.00028981028921575567,11906178.777552243,10908690.193246013
1.0,100,4,8937319.554309556,2.5630961408447755e+28,1.7691851267213246,0.00028981028921575567,11906178.777552243,9052020.78556469
1.0,100,5,5623925.994522861,5.7640002475528285e+34,2.165672410265845,0.00028981028921575567,11906178.777552243,6910860.882226385
