I_01,arm,detected,drive,f0,f_argmax,f_centroid,max_I,noise,phase_diff,ratio,seed,sigma,threshold,w_measured,w_rel_err,w_true
,CIRC,1,1.0,0.6,0.5859375,0.6022949638056729,0.13629282031670248,0.02,,11.915189058134546,0,0.7036463089470565,0.011438578074735192,119.99399999997775,1.1842971077891092e-16,119.99399999997776
,CIRC,1,1.0,0.6,0.5859375,0.6019411936025437,0.13307815358055222,0.02,,11.953318073667749,1,0.694188697968469,0.011133155895325273,119.99399999997775,1.1842971077891092e-16,119.99399999997776
,CIRC,1,1.0,0.6,0.5859375,0.6019884634041788,0.13514022330700529,0.02,,11.948297103930205,2,0.6996932801859952,0.011310417052029367,119.99399999997775,1.1842971077891092e-16,119.99399999997776
,CIRC,1,1.0,0.6,0.5859375,0.6018248993536366,0.13535944835895034,0.02,,11.957012584927892,3,0.7000053160246039,0.011320507308788337,119.99399999997775,1.1842971077891092e-16,119.99399999997776
,CIRC,1,1.0,0.6,0.5859375,0.6020350552588706,0.13493127572292501,0.02,,11.96572424559935,4,0.6986428384577191,0.011276482137932342,119.99399999997775,1.1842971077891092e-16,119.99399999997776
,CIRC,1,1.0,0.6,0.5859375,0.6020617802725073,0.134783743031895,0.02,,12.047350524919075,42,0.6958912512614035,0.011187832773115098,119.99399999997775,1.1842971077891092e-16,119.99399999997776
,CIRC,1,1.0,1.0,0.9765625,1.0018558069311292,0.3772610125543347,0.02,,33.18223717041973,0,0.7015142944976049,0.011369366405790253,199.99000000000484,0.0,199.99000000000484
,CIRC,1,1.0,1.0,0.9765625,1.0014509057191257,0.36813618770546774,0.02,,33.071502236257544,1,0.6941377878411713,0.01113152299752099,199.99000000000484,0.0,199.99000000000484
,CIRC,1,1.0,1.0,0.9765625,1.001607610945465,0.37437348327829184,0.02,,33.135926331478615,2,0.6993126358710148,0.01129811430449261,199.99000000000484,0.0,199.99000000000484
,CIRC,1,1.0,1.0,0.9765625,1.0015372722695268,0.3748891855693276,0.02,,33.21318901020338,3,0.6989796971201614,0.011287358930037053,199.99000000000484,0.0,199.99000000000484
,CIRC,1,1.0,1.0,0.9765625,1.0015727804140555,0.3733351667267621,0.02,,33.17376234770885,4,0.6979438411266251,0.011253929018170183,199.99000000000484,0.0,199.99000000000484
,CIRC,1,1.0,1.0,0.9765625,1.0017222817710687,0.37247981567027616,0.02,,33.213242802300776,42,0.696729381091389,0.011214798202254234,199.99000000000484,0.0,199.99000000000484
,CIRC,1,1.0,2.0,2.001953125,2.0007585956645997,0.49301591415105617,0.02,,43.30495803698306,0,0.7019885871732314,0.011384745223168522,399.9800000000097,0.0,399.9800000000097
,CIRC,1,1.0,2.0,2.001953125,2.0006174831472197,0.48118297340702215,0.02,,43.39202437148694,1,0.6928170441385842,0.011089203151425432,399.9800000000097,0.0,399.9800000000097
,CIRC,1,1.0,2.0,2.001953125,2.0008037963307856,0.4891504856090366,0.02,,43.35350760430557,2,0.6988396179233468,0.011282835291519931,399.9800000000097,0.0,399.9800000000097
,CIRC,1,1.0,2.0,2.001953125,2.000707322386186,0.4898467229405176,0.02,,43.362061960669614,3,0.6992678062334151,0.011296665813189877,399.9800000000097,0.0,399.9800000000097
,CIRC,1,1.0,2.0,2.001953125,2.0007121048067518,0.4879515966605743,0.02,,43.33688154929618,4,0.6981165546269184,0.01125949951210781,399.9800000000097,0.0,399.9800000000097
,CIRC,1,1.0,2.0,2.001953125,2.0007313698384053,0.4870049583150698,0.02,,43.52430387259865,42,0.6959357842792533,0.011189264732196457,399.9800000000097,0.0,399.9800000000097
,CIRC,1,1.0,3.0,2.978515625,2.9998987882768584,0.4931584490841656,0.02,,43.35164583353659,0,0.701711893419083,0.0113757722366024,599.9700000001013,0.0,599.9700000001013
,CIRC,1,1.0,3.0,2.978515625,2.999927436085923,0.48128563224319953,0.02,,43.34187402076727,1,0.6932916972521418,0.0111044029155867,599.9700000001013,0.0,599.9700000001013
,CIRC,1,1.0,3.0,2.978515625,2.999898369520302,0.48926596280062157,0.02,,43.32319579374931,2,0.6991665666577557,0.011293395000911106,599.9700000001013,0.0,599.9700000001013
,CIRC,1,1.0,3.0,2.978515625,2.9999081671118475,0.48996370769607733,0.02,,43.390736969235576,3,0.699120177225262,0.011291896425807794,599.9700000001013,0.0,599.9700000001013
,CIRC,1,1.0,3.0,2.978515625,2.9998983222339883,0.4880628720370226,0.02,,43.34892340686721,4,0.6980991690402276,0.01125893871587374,599.9700000001013,0.0,599.9700000001013
,CIRC,1,1.0,3.0,2.978515625,2.999928552899468,0.4871311097800723,0.02,,43.472557602109354,42,0.6964400381135304,0.011205485406187281,599.9700000001013,0.0,599.9700000001013
,CIRC,1,1.0,4.5,4.4921875,4.498006152326957,0.3603774803112127,0.02,,31.687806136283186,0,0.7016186577666066,0.0113727494658765,899.9549999996708,0.0,899.9549999996708
,CIRC,1,1.0,4.5,4.4921875,4.498382670516237,0.35164717278517504,0.02,,31.687706244060433,1,0.6930691323133779,0.011097274446965944,899.9549999996708,0.0,899.9549999996708
,CIRC,1,1.0,4.5,4.4921875,4.498220773621438,0.3576229851209462,0.02,,31.67416358380102,2,0.6990826563252905,0.011290684414594732,899.9549999996708,0.0,899.9549999996708
,CIRC,1,1.0,4.5,4.4921875,4.4983281365821615,0.358099481554467,0.02,,31.692174433753205,3,0.6993494227925247,0.011299302996801612,899.9549999996708,0.0,899.9549999996708
,CIRC,1,1.0,4.5,4.4921875,4.498264635373907,0.3566302406369502,0.02,,31.694699792647768,4,0.6978854685378579,0.011252046650389093,899.9549999996708,0.0,899.9549999996708
,CIRC,1,1.0,4.5,4.4921875,4.49814448746702,0.3558115003448947,0.02,,31.78851047785854,42,0.6960545787721305,0.011193085017076405,899.9549999996708,0.0,899.9549999996708
-0.3772610125543347,CIRC,1,1.0,1.0,,,0.3772610125543347,0.02,,33.18223717041973,0,0.7015142944976049,0.011369366405790253,199.99000000000484,,199.99000000000484
-0.36813618770546774,CIRC,1,1.0,1.0,,,0.36813618770546774,0.02,,33.071502236257544,1,0.6941377878411713,0.01113152299752099,199.99000000000484,,199.99000000000484
-0.37437348327829184,CIRC,1,1.0,1.0,,,0.37437348327829184,0.02,,33.135926331478615,2,0.6993126358710148,0.01129811430449261,199.99000000000484,,199.99000000000484
-0.3748891855693276,CIRC,1,1.0,1.0,,,0.3748891855693276,0.02,,33.21318901020338,3,0.6989796971201614,0.011287358930037053,199.99000000000484,,199.99000000000484
-0.3733351667267621,CIRC,1,1.0,1.0,,,0.3733351667267621,0.02,,33.17376234770885,4,0.6979438411266251,0.011253929018170183,199.99000000000484,,199.99000000000484
-0.37247981567027616,CIRC,1,1.0,1.0,,,0.37247981567027616,0.02,,33.213242802300776,42,0.696729381091389,0.011214798202254234,199.99000000000484,,199.99000000000484
-0.3034765118217836,DELAY,1,1.0,1.0,,,0.3034765118217836,0.02,,26.692473528448115,0,0.7015142944976049,0.011369366405790253,199.79918943750073,,199.99000000000484
-0.29696837329596976,DELAY,1,1.0,1.0,,,0.29696837329596976,0.02,,26.678143984619634,1,0.6941377878411713,0.01113152299752099,199.788979357501,,199.99000000000484
-0.3019673171377649,DELAY,1,1.0,1.0,,,0.3019673171377649,0.02,,26.72723155382575,2,0.6993126358710148,0.01129811430449261,199.79452798257043,,199.99000000000484
-0.30185212945792667,DELAY,1,1.0,1.0,,,0.30185212945792667,0.02,,26.74249408820171,3,0.6989796971201614,0.011287358930037053,199.78515281432777,,199.99000000000484
-0.3002646383855987,DELAY,1,1.0,1.0,,,0.3002646383855987,0.02,,26.680871889346587,4,0.6979438411266251,0.011253929018170183,199.7785176966482,,199.99000000000484
-0.3000246395578656,DELAY,1,1.0,1.0,,,0.3000246395578656,0.02,,26.752566934067442,42,0.696729381091389,0.011214798202254234,199.77747358956458,,199.99000000000484
0.0007805686093346738,INDEP,0,1.0,1.0,,,0.008203307538607766,0.02,,0.721527237826546,0,0.7015142944976049,0.011369366405790253,nan,,199.99000000000484
-0.0033044447764089347,INDEP,0,1.0,1.0,,,0.007764600019498504,0.02,,0.6975325857232378,1,0.6941377878411713,0.01113152299752099,nan,,199.99000000000484
0.002913628575536278,INDEP,0,1.0,1.0,,,0.0065187580726212314,0.02,,0.5769775288987027,2,0.6993126358710148,0.01129811430449261,nan,,199.99000000000484
0.005198960254909501,INDEP,1,1.0,1.0,,,0.012947900129647347,0.02,,1.147115123201353,3,0.6989796971201614,0.011287358930037053,nan,,199.99000000000484
0.005966139914436398,INDEP,0,1.0,1.0,,,0.01005970916521542,0.02,,0.8938841847121463,4,0.6979438411266251,0.011253929018170183,nan,,199.99000000000484
0.002050042723882292,INDEP,0,1.0,1.0,,,0.00819878097306845,0.02,,0.7310680785518238,42,0.696729381091389,0.011214798202254234,nan,,199.99000000000484
,CIRC,1,1.0,1.0,,,0.3772610125543347,0.02,0.0,33.241069517292736,0,0.7015142944976049,0.011349244113763403,199.99000000000484,,199.99000000000484
,CIRC,1,1.0,1.0,,,0.36813618770546774,0.02,0.0,33.13013824929013,1,0.6941377878411713,0.011111821657229447,199.99000000000484,,199.99000000000484
,CIRC,1,1.0,1.0,,,0.37437348327829184,0.02,0.0,33.194676568898714,2,0.6993126358710148,0.011278118119369051,199.99000000000484,,199.99000000000484
,CIRC,1,1.0,1.0,,,0.3748891855693276,0.02,0.0,33.27207623491254,3,0.6989796971201614,0.011267381780520048,199.99000000000484,,199.99000000000484
,CIRC,1,1.0,1.0,,,0.3733351667267621,0.02,0.0,33.2325796686598,4,0.6979438411266251,0.01123401103522632,199.99000000000484,,199.99000000000484
,CIRC,1,1.0,1.0,,,0.37247981567027616,0.02,0.0,33.272130122383714,42,0.696729381091389,0.011194949475738302,199.99000000000484,,199.99000000000484
,DELAY,1,1.0,1.0,,,0.3034765118217836,0.02,0.0,26.739799477372504,0,0.7015142944976049,0.011349244113763403,199.79918943750073,,199.99000000000484
,DELAY,1,1.0,1.0,,,0.29696837329596976,0.02,0.0,26.725444527159016,1,0.6941377878411713,0.011111821657229447,199.788979357501,,199.99000000000484
,DELAY,1,1.0,1.0,,,0.3019673171377649,0.02,0.0,26.77461912898092,2,0.6993126358710148,0.011278118119369051,199.79452798257043,,199.99000000000484
,DELAY,1,1.0,1.0,,,0.30185212945792667,0.02,0.0,26.78990872394089,3,0.6989796971201614,0.011267381780520048,199.78515281432777,,199.99000000000484
,DELAY,1,1.0,1.0,,,0.3002646383855987,0.02,0.0,26.72817726848081,4,0.6979438411266251,0.01123401103522632,199.7785176966482,,199.99000000000484
,DELAY,1,1.0,1.0,,,0.3000246395578656,0.02,0.0,26.79999942903531,42,0.696729381091389,0.011194949475738302,199.77747358956458,,199.99000000000484
,INDEP,0,1.0,1.0,,,0.008203307538607766,0.02,0.0,0.7228065108459064,0,0.7015142944976049,0.011349244113763403,nan,,199.99000000000484
,INDEP,0,1.0,1.0,,,0.007764600019498504,0.02,0.0,0.6987693160506036,1,0.6941377878411713,0.011111821657229447,nan,,199.99000000000484
,INDEP,0,1.0,1.0,,,0.0065187580726212314,0.02,0.0,0.5780005142370259,2,0.6993126358710148,0.011278118119369051,nan,,199.99000000000484
,INDEP,1,1.0,1.0,,,0.012947900129647347,0.02,0.0,1.1491489666244126,3,0.6989796971201614,0.011267381780520048,nan,,199.99000000000484
,INDEP,0,1.0,1.0,,,0.01005970916521542,0.02,0.0,0.8954690478468768,4,0.6979438411266251,0.01123401103522632,nan,,199.99000000000484
,INDEP,0,1.0,1.0,,,0.00819878097306845,0.02,0.0,0.7323642675509032,42,0.696729381091389,0.011194949475738302,nan,,199.99000000000484
,CIRC,1,1.0,1.0,,,0.32275766172376186,0.02,1.0,11.075413339845088,0,0.7020129626299446,0.02914181636567943,199.51682255280767,,199.5168225528077
,CIRC,1,1.0,1.0,,,0.3067663287186179,0.02,1.0,10.822548002440483,1,0.6923503353213769,0.028345111396081788,194.60434081115588,,194.60434081115588
,CIRC,1,1.0,1.0,,,0.32439017592421115,0.02,1.0,11.28375085989265,2,0.6972586732053884,0.02874843480258277,202.52644089522062,,202.52644089522062
,CIRC,1,1.0,1.0,,,0.32717757030854466,0.02,1.0,11.418531507757917,3,0.6961029223220582,0.028653209047613124,204.42794824104843,,204.42794824104843
,CIRC,1,1.0,1.0,,,0.3219020605475383,0.02,1.0,11.050272186537114,4,0.7018789430213195,0.029130690639432525,201.75430055167325,,201.75430055167325
,CIRC,1,1.0,1.0,,,0.33175695060186544,0.02,1.0,11.638025408669524,42,0.6943160226805528,0.02850629199990657,205.26538727744352,,205.26538727744352
,DELAY,1,1.0,1.0,,,0.17522139266210585,0.02,1.0,6.012713499508068,0,0.7020129626299446,0.02914181636567943,123.35161354569459,,199.5168225528077
,DELAY,1,1.0,1.0,,,0.18601708309205592,0.02,1.0,6.562580774255468,1,0.6923503353213769,0.028345111396081788,147.2725806106718,,194.60434081115588
,DELAY,1,1.0,1.0,,,0.1724956295843762,0.02,1.0,6.000174644947249,2,0.6972586732053884,0.02874843480258277,121.37531562800923,,202.52644089522062
,DELAY,1,1.0,1.0,,,0.17449155107807665,0.02,1.0,6.089773427755457,3,0.6961029223220582,0.028653209047613124,125.22941274639867,,204.42794824104843
,DELAY,1,1.0,1.0,,,0.17688869886680078,0.02,1.0,6.072245284406571,4,0.7018789430213195,0.029130690639432525,120.64248505750633,,201.75430055167325
,DELAY,1,1.0,1.0,,,0.16654926710345017,0.02,1.0,5.842544063745507,42,0.6943160226805528,0.02850629199990657,126.12790354759227,,205.26538727744352
,INDEP,0,1.0,1.0,,,0.01173853354694628,0.02,1.0,0.40280720321780816,0,0.7020129626299446,0.02914181636567943,nan,,199.5168225528077
,INDEP,0,1.0,1.0,,,0.02316378895374228,0.02,1.0,0.8172057830382796,1,0.6923503353213769,0.028345111396081788,nan,,194.60434081115588
,INDEP,0,1.0,1.0,,,0.020434229791716444,0.02,1.0,0.7107945156680539,2,0.6972586732053884,0.02874843480258277,nan,,202.52644089522062
,INDEP,0,1.0,1.0,,,0.0108667156592136,0.02,1.0,0.3792495158624762,3,0.6961029223220582,0.028653209047613124,nan,,204.42794824104843
,INDEP,0,1.0,1.0,,,0.006994153606675368,0.02,1.0,0.24009570158311963,4,0.7018789430213195,0.029130690639432525,nan,,201.75430055167325
,INDEP,0,1.0,1.0,,,0.008048996047267333,0.02,1.0,0.28235857709216317,42,0.6943160226805528,0.02850629199990657,nan,,205.26538727744352
,CIRC,1,1.0,1.0,,,0.25279895974247707,0.02,3.0,7.695298042115066,0,0.6990952606888988,0.03285109405236172,199.17043262047002,,199.17043262047002
,CIRC,1,1.0,1.0,,,0.23739856060241324,0.02,3.0,7.400299575286916,1,0.6908373814798557,0.032079587885225455,190.6617646526716,,190.6617646526716
,CIRC,1,1.0,1.0,,,0.2525282592199958,0.02,3.0,7.851594397363923,2,0.6917314210598489,0.03216267250187797,204.3832445009144,,204.3832445009144
,CIRC,1,1.0,1.0,,,0.2568220970584439,0.02,3.0,7.928108046470386,3,0.6942131772215879,0.03239386945196613,207.6767518348558,,207.6767518348558
,CIRC,1,1.0,1.0,,,0.2513208142116906,0.02,3.0,7.604118588442843,4,0.7012150482445746,0.03305061741063084,203.04585819531783,,203.04585819531783
,CIRC,1,1.0,1.0,,,0.2610088686857835,0.02,3.0,8.015843304816721,42,0.6960083691626724,0.03256162312066944,209.12723879413699,,209.12723879413699
,DELAY,1,1.0,1.0,,,0.06505510243631425,0.02,3.0,1.9803024621530778,0,0.6990952606888988,0.03285109405236172,56.03805774242678,,199.17043262047002
,DELAY,1,1.0,1.0,,,0.08110120933653754,0.02,3.0,2.528125037849674,1,0.6908373814798557,0.032079587885225455,57.198477930400614,,190.6617646526716
,DELAY,1,1.0,1.0,,,0.05921719192577133,0.02,3.0,1.841177592512365,2,0.6917314210598489,0.03216267250187797,27.27090464721435,,204.3832445009144
,DELAY,1,1.0,1.0,,,0.05742977605816084,0.02,3.0,1.7728594030212457,3,0.6942131772215879,0.03239386945196613,41.235360288520724,,207.6767518348558
,DELAY,1,1.0,1.0,,,0.06127032536185613,0.02,3.0,1.8538330041044355,4,0.7012150482445746,0.03305061741063084,44.74003571356798,,203.04585819531783
,DELAY,1,1.0,1.0,,,0.05712197825324258,0.02,3.0,1.7542730606995676,42,0.6960083691626724,0.03256162312066944,50.76271045710947,,209.12723879413699
,INDEP,1,1.0,1.0,,,0.03867565007074664,0.02,3.0,1.1773017364079592,0,0.6990952606888988,0.03285109405236172,nan,,199.17043262047002
,INDEP,0,1.0,1.0,,,0.008666143728019172,0.02,3.0,0.27014510781824735,1,0.6908373814798557,0.032079587885225455,nan,,190.6617646526716
,INDEP,0,1.0,1.0,,,0.024778563588179633,0.02,3.0,0.7704137019936019,2,0.6917314210598489,0.03216267250187797,nan,,204.3832445009144
,INDEP,0,1.0,1.0,,,0.008672778197623165,0.02,3.0,0.2677289976266412,3,0.6942131772215879,0.03239386945196613,nan,,207.6767518348558
,INDEP,0,1.0,1.0,,,0.0093227686176631,0.02,3.0,0.282075475378696,4,0.7012150482445746,0.03305061741063084,nan,,203.04585819531783
,INDEP,0,1.0,1.0,,,0.006724892343491491,0.02,3.0,0.20652816717919292,42,0.6960083691626724,0.03256162312066944,nan,,209.12723879413699
,CIRC,1,1.0,1.0,,,0.18972451396440176,0.02,6.0,7.8862589368647935,0,0.6949971554200078,0.02405760646249175,198.83095669658906,,198.83095669658906
,CIRC,1,1.0,1.0,,,0.1735359891287692,0.02,6.0,7.312637457821297,1,0.6902629692492311,0.023730971230245007,186.79788305880072,,186.79788305880072
,CIRC,1,1.0,1.0,,,0.18411421851139648,0.02,6.0,7.781774041739499,2,0.6892252431236318,0.023659671628070107,206.20298595601588,,206.20298595601588
,CIRC,1,1.0,1.0,,,0.19162381354177835,0.02,6.0,7.9784328748038424,3,0.6944208635762269,0.024017725855278265,210.8607086954502,,210.8607086954502
,CIRC,1,1.0,1.0,,,0.18575191044946907,0.02,6.0,7.657570572140928,4,0.6978755119877833,0.02425729005035287,204.31163610450744,,204.31163610450744
,CIRC,1,1.0,1.0,,,0.19304453338937616,0.02,6.0,7.843257894440763,42,0.7029708638927806,0.024612799424357134,212.91200702530827,,212.9120070253083
,DELAY,0,1.0,1.0,,,0.012555826309805099,0.02,6.0,0.5219067129301042,0,0.6949971554200078,0.02405760646249175,9.724651397037144,,198.83095669658906
,DELAY,1,1.0,1.0,,,0.025314072763784383,0.02,6.0,1.0667103557700883,1,0.6902629692492311,0.023730971230245007,20.9213330445861,,186.79788305880072
,DELAY,0,1.0,1.0,,,0.015800315776908186,0.02,6.0,0.6678163596388426,2,0.6892252431236318,0.023659671628070107,7.060370588299767,,206.20298595601588
,DELAY,0,1.0,1.0,,,0.00852275487329785,0.02,6.0,0.35485270023701443,3,0.6944208635762269,0.024017725855278265,-5.850509655465143,,210.8607086954502
,DELAY,0,1.0,1.0,,,0.012356144820495503,0.02,6.0,0.5093786154532031,4,0.6978755119877833,0.02425729005035287,-0.6931115630112421,,204.31163610450744
,DELAY,0,1.0,1.0,,,0.015559593109283832,0.02,6.0,0.6321748632090125,42,0.7029708638927806,0.024612799424357134,5.728648284413477,,212.9120070253083
,INDEP,0,1.0,1.0,,,0.01779564342305693,0.02,6.0,0.7397096403086544,0,0.6949971554200078,0.02405760646249175,nan,,198.83095669658906
,INDEP,0,1.0,1.0,,,0.011333930655191374,0.02,6.0,0.477600792029377,1,0.6902629692492311,0.023730971230245007,nan,,186.79788305880072
,INDEP,0,1.0,1.0,,,0.007982692039988026,0.02,6.0,0.3373965693808391,2,0.6892252431236318,0.023659671628070107,nan,,206.20298595601588
,INDEP,0,1.0,1.0,,,0.016097973361653757,0.02,6.0,0.6702538557836015,3,0.6944208635762269,0.024017725855278265,nan,,210.8607086954502
,INDEP,0,1.0,1.0,,,0.007011719446177239,0.02,6.0,0.289056173695513,4,0.6978755119877833,0.02425729005035287,nan,,204.31163610450744
,INDEP,0,1.0,1.0,,,0.012173371668054881,0.02,6.0,0.49459516807372833,42,0.7029708638927806,0.024612799424357134,nan,,212.9120070253083
,CIRC,1,1.0,1.0,,,0.13590248974314897,0.02,10.0,7.623228352695637,0,0.6947558488242213,0.017827419494142887,198.4936815294508,,198.4936815294508
,CIRC,1,1.0,1.0,,,0.1180885316695525,0.02,10.0,6.614143707918464,1,0.6952724445776681,0.017853941021598412,182.9590502618347,,182.95905026183465
,CIRC,1,1.0,1.0,,,0.12522988902511534,0.02,10.0,6.934037018875301,2,0.6992764291918576,0.01806017024198518,208.01093037929132,,208.01093037929132
,CIRC,1,1.0,1.0,,,0.13466472163164456,0.02,10.0,7.54670376081744,3,0.6950823123569547,0.017844177524341833,214.02402457965007,,214.02402457965005
,CIRC,1,1.0,1.0,,,0.12868276333767265,0.02,10.0,7.168522923785348,4,0.6971613779627668,0.01795108486166653,205.56920822037682,,205.56920822037682
,CIRC,1,1.0,1.0,,,0.13587968751423637,0.02,10.0,7.632990285868473,42,0.6942531908931143,0.01780163244355238,216.67223933619874,,216.67223933619874
,DELAY,0,1.0,1.0,,,0.0052668003900187355,0.02,10.0,0.2954325718172009,0,0.6947558488242213,0.017827419494142887,1.4177925314401536,,198.4936815294508
,DELAY,0,1.0,1.0,,,0.01341893942697948,0.02,10.0,0.7515953710582002,1,0.6952724445776681,0.017853941021598412,-0.18638443221652118,,182.95905026183465
,DELAY,0,1.0,1.0,,,0.010042150395253694,0.02,10.0,0.5560385234856933,2,0.6992764291918576,0.01806017024198518,-36.03205251596148,,208.01093037929132
,DELAY,0,1.0,1.0,,,0.014663211853528611,0.02,10.0,0.82173649267533,3,0.6950823123569547,0.017844177524341833,-7.001350510852655,,214.02402457965005
,DELAY,0,1.0,1.0,,,0.013420104187768261,0.02,10.0,0.7475929333065598,4,0.6971613779627668,0.01795108486166653,8.230946584761593,,205.56920822037682
,DELAY,0,1.0,1.0,,,0.007764892412643676,0.02,10.0,0.43618990771018096,42,0.6942531908931143,0.01780163244355238,-4.772665788803968,,216.67223933619874
,INDEP,0,1.0,1.0,,,0.008666031428828944,0.02,10.0,0.4861068889794245,0,0.6947558488242213,0.017827419494142887,nan,,198.4936815294508
,INDEP,0,1.0,1.0,,,0.006246231197221432,0.02,10.0,0.34985167642624065,1,0.6952724445776681,0.017853941021598412,nan,,182.95905026183465
,INDEP,0,1.0,1.0,,,0.008906612312140844,0.02,10.0,0.4931632533250045,2,0.6992764291918576,0.01806017024198518,nan,,208.01093037929132
,INDEP,0,1.0,1.0,,,0.009035373341002004,0.02,10.0,0.506348545831073,3,0.6950823123569547,0.017844177524341833,nan,,214.02402457965005
,INDEP,0,1.0,1.0,,,0.008345577793083288,0.02,10.0,0.4649065979797562,4,0.6971613779627668,0.01795108486166653,nan,,205.56920822037682
,INDEP,0,1.0,1.0,,,0.011374914100702137,0.02,10.0,0.6389815168227477,42,0.6942531908931143,0.01780163244355238,nan,,216.67223933619874
,CIRC,1,1.0,1.0,,,0.06426428123832095,0.02,20.0,3.8391762855385405,0,0.6978933171331719,0.016739080588821224,197.87388612532067,,197.87388612532064
,CIRC,1,1.0,1.0,,,0.04611991453357259,0.02,20.0,2.7783135958889362,1,0.6949872773559116,0.016599967189382836,175.90459990019465,,175.90459990019465
,CIRC,1,1.0,1.0,,,0.05382091189024329,0.02,20.0,3.22930103470614,2,0.6963771295060761,0.016666427598980682,211.33330852524347,,211.33330852524347
,CIRC,1,1.0,1.0,,,0.062314874279895086,0.02,20.0,3.727245232248561,3,0.6974693334400708,0.016718748136221227,219.83710789521734,,219.83710789521734
,CIRC,1,1.0,1.0,,,0.056690858539268245,0.02,20.0,3.387359634407161,4,0.6978291429049444,0.016736002272516304,207.88019193255946,,207.88019193255946
,CIRC,1,1.0,1.0,,,0.0622206091062404,0.02,20.0,3.7385251277479705,42,0.6958893926680144,0.016643089715895832,223.5822491200046,,223.5822491200046
,DELAY,0,1.0,1.0,,,0.007963322283794757,0.02,20.0,0.4757323582701945,0,0.6978933171331719,0.016739080588821224,-33.13529979508831,,197.87388612532064
,DELAY,0,1.0,1.0,,,0.007343997352787177,0.02,20.0,0.4424103535267419,1,0.6949872773559116,0.016599967189382836,-9.029582533931825,,175.90459990019465
,DELAY,0,1.0,1.0,,,0.0058931222249102915,0.02,20.0,0.3535924054457066,2,0.6963771295060761,0.016666427598980682,-5.530425597585661,,211.33330852524347
,DELAY,0,1.0,1.0,,,0.0050363918144549075,0.02,20.0,0.3012421608017138,3,0.6974693334400708,0.016718748136221227,-0.6291496745442116,,219.83710789521734
,DELAY,0,1.0,1.0,,,0.010211172236132462,0.02,20.0,0.6101321014338739,4,0.6978291429049444,0.016736002272516304,-21.023939869586474,,207.88019193255946
,DELAY,0,1.0,1.0,,,0.0058276211535918734,0.02,20.0,0.35015260105375184,42,0.6958893926680144,0.016643089715895832,59.25646596794296,,223.5822491200046
,INDEP,0,1.0,1.0,,,0.0059179732022779305,0.02,20.0,0.3535423090220439,0,0.6978933171331719,0.016739080588821224,nan,,197.87388612532064
,INDEP,0,1.0,1.0,,,0.007343997352787177,0.02,20.0,0.4424103535267419,1,0.6949872773559116,0.016599967189382836,nan,,175.90459990019465
,INDEP,0,1.0,1.0,,,0.0059836662944100305,0.02,20.0,0.35902512754298893,2,0.6963771295060761,0.016666427598980682,nan,,211.33330852524347
,INDEP,0,1.0,1.0,,,0.004981416824637747,0.02,20.0,0.2979539367451496,3,0.6974693334400708,0.016718748136221227,nan,,219.83710789521734
,INDEP,0,1.0,1.0,,,0.005454135827584021,0.02,20.0,0.3258923928649764,4,0.6978291429049444,0.016736002272516304,nan,,207.88019193255946
,INDEP,0,1.0,1.0,,,0.005707921929405096,0.02,20.0,0.3429604734963036,42,0.6958893926680144,0.016643089715895832,nan,,223.5822491200046
,CIRC,1,1.0,1.0,,,0.03310689583599311,0.02,30.0,2.325630112275523,0,0.7027977030596843,0.014235666996760514,197.3983003847053,,197.3983003847053
,CIRC,1,1.0,1.0,,,0.017766305880169267,0.02,30.0,1.292663549514814,1,0.690553354668922,0.013743952080057985,170.49152975234838,,170.4915297523484
,CIRC,1,1.0,1.0,,,0.026934230906035084,0.02,30.0,1.9322255230246566,2,0.6954482290126209,0.013939486144388015,212.8826589409047,,213.8826589409047
,CIRC,1,1.0,1.0,,,0.03341284756955363,0.02,30.0,2.3404402819971697,3,0.703800199870981,0.014276308533299307,223.297643606623,,224.297643606623
,CIRC,1,1.0,1.0,,,0.027349995333470642,0.02,30.0,1.9730547451133487,4,0.6935064167309983,0.013861751885601853,209.65347210369742,,209.65347210369742
,CIRC,1,1.0,1.0,,,0.030950122148743268,0.02,30.0,2.2263520910009293,42,0.6945054898039892,0.013901719442241785,226.88448611431892,,228.88448611431892
,DELAY,0,1.0,1.0,,,0.008940198387499033,0.02,30.0,0.6280140150463954,0,0.7027977030596843,0.014235666996760514,-7.559650656938435,,197.3983003847053
,DELAY,0,1.0,1.0,,,0.005346066425021206,0.02,30.0,0.3889759214729924,1,0.690553354668922,0.013743952080057985,3.492835709030052,,170.4915297523484
,DELAY,0,1.0,1.0,,,0.0035937860317809787,0.02,30.0,0.25781337952890204,2,0.6954482290126209,0.013939486144388015,-17.965794278832842,,213.8826589409047
,DELAY,0,1.0,1.0,,,0.009339939780865378,0.02,30.0,0.6542265291535335,3,0.703800199870981,0.014276308533299307,-14.497445142549331,,224.297643606623
,DELAY,0,1.0,1.0,,,0.005251676700535607,0.02,30.0,0.3788609653293898,4,0.6935064167309983,0.013861751885601853,-4.7699647460501975,,209.65347210369742
,DELAY,0,1.0,1.0,,,0.006340364927446643,0.02,30.0,0.4560849435776125,42,0.6945054898039892,0.013901719442241785,6.107218564203752,,228.88448611431892
,INDEP,0,1.0,1.0,,,0.007164574725217346,0.02,30.0,0.5032833886074833,0,0.7027977030596843,0.014235666996760514,nan,,197.3983003847053
,INDEP,0,1.0,1.0,,,0.005346066425021206,0.02,30.0,0.3889759214729924,1,0.690553354668922,0.013743952080057985,nan,,170.4915297523484
,INDEP,0,1.0,1.0,,,0.005448367146274859,0.02,30.0,0.3908585359488557,2,0.6954482290126209,0.013939486144388015,nan,,213.8826589409047
,INDEP,0,1.0,1.0,,,0.004282149959934978,0.02,30.0,0.29994798374852416,3,0.703800199870981,0.014276308533299307,nan,,224.297643606623
,INDEP,0,1.0,1.0,,,0.005251676700535607,0.02,30.0,0.3788609653293898,4,0.6935064167309983,0.013861751885601853,nan,,209.65347210369742
,INDEP,0,1.0,1.0,,,0.0060592169108283625,0.02,30.0,0.4358609692853401,42,0.6945054898039892,0.013901719442241785,nan,,228.88448611431892
,CIRC,1,1.0,1.0,,,0.010502140514843272,0.02,50.0,1.4912046825837248,0,0.7003467728328908,0.007042722328799837,193.64413018386458,,196.6441301838646
,CIRC,0,1.0,1.0,,,0.005438401014809551,0.02,50.0,0.7864420770872059,1,0.6939770239806645,0.006915195884421765,140.90763866408474,,161.90763866408474
,CIRC,1,1.0,1.0,,,0.010416473319112034,0.02,50.0,1.4752650581522213,2,0.7012424099347183,0.007060746990211191,212.92534557088547,,217.92534557088547
,CIRC,1,1.0,1.0,,,0.012902049660728452,0.02,50.0,1.8543335478638827,3,0.6961106459332713,0.006957782582098615,225.37103295799918,,231.3710329579992
,CIRC,1,1.0,1.0,,,0.010152715642281046,0.02,50.0,1.440748800717558,4,0.700551111957073,0.007046832617333802,211.46548884138804,,212.46548884138804
,CIRC,1,1.0,1.0,,,0.009987253348761715,0.02,50.0,1.4286225035874869,42,0.6977617183123378,0.006990827404497839,233.29262117266046,,237.29262117266046
,DELAY,0,1.0,1.0,,,0.005374812538404384,0.02,50.0,0.7631725755288035,0,0.7003467728328908,0.007042722328799837,-17.510319556076208,,196.6441301838646
,DELAY,1,1.0,1.0,,,0.007440360092691631,0.02,50.0,1.075943504283506,1,0.6939770239806645,0.006915195884421765,-5.017064851653143,,161.90763866408474
,DELAY,0,1.0,1.0,,,0.005023664410059048,0.02,50.0,0.7114919167934648,2,0.7012424099347183,0.007060746990211191,36.03290130577498,,217.92534557088547
,DELAY,1,1.0,1.0,,,0.013929105129750057,0.02,50.0,2.0019460173400163,3,0.6961106459332713,0.006957782582098615,11.468785273156577,,231.3710329579992
,DELAY,0,1.0,1.0,,,0.006433855135274813,0.02,50.0,0.9130137587557866,4,0.700551111957073,0.007046832617333802,35.51289383447048,,212.46548884138804
,DELAY,1,1.0,1.0,,,0.00801227054560641,0.02,50.0,1.1461119095075045,42,0.6977617183123378,0.006990827404497839,43.7211011395614,,237.29262117266046
,INDEP,0,1.0,1.0,,,0.0042349733093075236,0.02,50.0,0.6013261792232568,0,0.7003467728328908,0.007042722328799837,nan,,196.6441301838646
,INDEP,0,1.0,1.0,,,0.005438401014809551,0.02,50.0,0.7864420770872059,1,0.6939770239806645,0.006915195884421765,nan,,161.90763866408474
,INDEP,0,1.0,1.0,,,0.004184414170409123,0.02,50.0,0.5926305214179561,2,0.7012424099347183,0.007060746990211191,nan,,217.92534557088547
,INDEP,0,1.0,1.0,,,0.006339199599855646,0.02,50.0,0.9110948100283423,3,0.6961106459332713,0.006957782582098615,nan,,231.3710329579992
,INDEP,0,1.0,1.0,,,0.005086630213591695,0.02,50.0,0.7218321322234331,4,0.700551111957073,0.007046832617333802,nan,,212.46548884138804
,INDEP,0,1.0,1.0,,,0.0039410852235367754,0.02,50.0,0.5637508974976431,42,0.6977617183123378,0.006990827404497839,nan,,237.29262117266046
,CIRC,0,1.0,1.0,,,0.003686380934058954,0.02,100.0,0.7363420004555881,0,0.7015719640808613,0.005006343427073457,159.25822552808688,,195.25822552808688
,CIRC,0,1.0,1.0,,,0.004032249870856759,0.02,100.0,0.8251861817544739,1,0.6931219484033986,0.004886472846992626,66.13340811155466,,146.13340811155464
,CIRC,0,1.0,1.0,,,0.003764232727414973,0.02,100.0,0.7614334262037344,2,0.697162744082142,0.004943613713128203,146.354408952197,,225.35440895219702
,CIRC,0,1.0,1.0,,,0.003528659176898501,0.02,100.0,0.70993829430822,3,0.6990471375069252,0.004970374475061818,153.36948241047816,,244.36948241047816
,CIRC,0,1.0,1.0,,,0.00395898705411719,0.02,100.0,0.8006040656443218,4,0.6972604818815805,0.004944999936930146,161.6330055167242,,217.63300551672418
,CIRC,0,1.0,1.0,,,0.003910178605408973,0.02,100.0,0.7933043474172073,42,0.6961298985124363,0.004928976650814404,192.74387277444208,,252.74387277444208
,DELAY,0,1.0,1.0,,,0.003262344086161831,0.02,100.0,0.6516420884191897,0,0.7015719640808613,0.005006343427073457,-33.35745201326973,,195.25822552808688
,DELAY,1,1.0,1.0,,,0.005011089810633465,0.02,100.0,1.0255024365309906,1,0.6931219484033986,0.004886472846992626,16.247765196681815,,146.13340811155464
,DELAY,0,1.0,1.0,,,0.004750706398855807,0.02,100.0,0.9609784814375538,2,0.697162744082142,0.004943613713128203,-40.36895707200906,,225.35440895219702
,DELAY,1,1.0,1.0,,,0.005561685087406941,0.02,100.0,1.118967014520122,3,0.6990471375069252,0.004970374475061818,-22.805679668928395,,244.36948241047816
,DELAY,0,1.0,1.0,,,0.003716998379796185,0.02,100.0,0.7516680338126953,4,0.6972604818815805,0.004944999936930146,-22.469784526790086,,217.63300551672418
,DELAY,0,1.0,1.0,,,0.0031975685135741966,0.02,100.0,0.6487286794198689,42,0.6961298985124363,0.004928976650814404,48.491987794459256,,252.74387277444208
,INDEP,0,1.0,1.0,,,0.003487730870403949,0.02,100.0,0.6966623287453456,0,0.7015719640808613,0.005006343427073457,nan,,195.25822552808688
,INDEP,0,1.0,1.0,,,0.004032249870856759,0.02,100.0,0.8251861817544739,1,0.6931219484033986,0.004886472846992626,nan,,146.13340811155464
,INDEP,0,1.0,1.0,,,0.003611527670238003,0.02,100.0,0.7305440675203388,2,0.697162744082142,0.004943613713128203,nan,,225.35440895219702
,INDEP,0,1.0,1.0,,,0.003528659176898501,0.02,100.0,0.70993829430822,3,0.6990471375069252,0.004970374475061818,nan,,244.36948241047816
,INDEP,0,1.0,1.0,,,0.003716998379796185,0.02,100.0,0.7516680338126953,4,0.6972604818815805,0.004944999936930146,nan,,217.63300551672418
,INDEP,0,1.0,1.0,,,0.0031975685135741966,0.02,100.0,0.6487286794198689,42,0.6961298985124363,0.004928976650814404,nan,,252.74387277444208
