g_rr,g_rt,g_tt,g_tt_pred,g_xx,g_xx_pred,lam_min,omega1,omega1_inferred,phi0,seed,sigma,test,w
6.209499966342283,0.1437101378205225,2.9199622247221324,0.0,,,,0.0,4.848466232962434,fixed,0,0.5,T-A,
5.339656116598886,0.01763503503334471,3.259038305628505,0.0,,,,0.0,5.122246699872922,fixed,1,0.5,T-A,
5.829205066370768,0.10505996082457066,3.945631078607403,0.0,,,,0.0,5.636039090922763,fixed,2,0.5,T-A,
8.35552259229367,-0.4816774261927774,27.83399710619684,0.0003105335234899608,,,,0.05,14.969370849027802,fixed,0,0.5,T-A,
8.01652574240396,0.016891882088480248,25.57744104887067,0.0003105335234899608,,,,0.05,14.349749011455645,fixed,1,0.5,T-A,
7.928293242687966,0.6927164288885226,25.43374919776228,0.0003105335234899608,,,,0.05,14.309384416133634,fixed,2,0.5,T-A,
9.326954129973366,-0.3717666893113887,45.56057737534441,0.0012421340939598432,,,,0.1,19.151833980491382,fixed,0,0.5,T-A,
8.768681922903784,0.04431010950802319,42.083040237581955,0.0012421340939598432,,,,0.1,18.40641935914548,fixed,1,0.5,T-A,
8.838938428285545,0.6124194061879612,41.027637206899534,0.0012421340939598432,,,,0.1,18.174145978205466,fixed,2,0.5,T-A,
9.956141975226252,-0.21264094429697028,64.88294420299118,0.004968536375839373,,,,0.2,22.854989870405827,fixed,0,0.5,T-A,
9.757783263414195,-0.0030257544789484836,60.078378837709074,0.004968536375839373,,,,0.2,21.992513201752256,fixed,1,0.5,T-A,
10.06465066194739,0.39427239435464234,58.9122900538044,0.004968536375839373,,,,0.2,21.778035997538925,fixed,2,0.5,T-A,
9.959646902857314,-0.10495676138716063,82.27081234003373,0.01987414550335749,,,,0.4,25.73585799547053,fixed,0,0.5,T-A,
10.175573391529674,0.006035891289178939,76.58257171457149,0.01987414550335749,,,,0.4,24.830229401332947,fixed,1,0.5,T-A,
10.532601176833502,0.19205263590888252,75.8596758088226,0.01987414550335749,,,,0.4,24.712759913502534,fixed,2,0.5,T-A,
10.139344622231649,0.0059255301187903925,93.90898369593657,0.07949658201342996,,,,0.8,27.495987966589837,fixed,0,0.5,T-A,
10.927585790194371,0.04392944989621453,87.39163038046134,0.07949658201342996,,,,0.8,26.524712152236106,fixed,1,0.5,T-A,
10.894632068772477,0.06730463071995231,87.17312137848387,0.07949658201342996,,,,0.8,26.49153096647688,fixed,2,0.5,T-A,
13.628251516779004,0.6573597871958812,4.978034333142301,0.0,,,,0.0,6.3138439236020165,fixed,0,0.2,T-A,
12.654853097836373,-0.4837645688926813,6.050922799718931,0.0,,,,0.0,6.961065243952762,fixed,1,0.2,T-A,
11.767946283856066,-0.17007264769827568,5.715998987571054,0.0,,,,0.0,6.765672475313741,fixed,2,0.2,T-A,
12.610800157841004,-0.3412629279348429,53.1825513603404,0.0003121836917883418,,,,0.05,20.637138668113828,fixed,0,0.2,T-A,
11.150972893337059,0.282207920720965,51.240403538938956,0.0003121836917883418,,,,0.05,20.25681533159795,fixed,1,0.2,T-A,
11.839028892844816,1.08976325759216,48.220971516429955,0.0003121836917883418,,,,0.05,19.650919484957285,fixed,2,0.2,T-A,
12.480669563096711,-0.13763357811990612,76.31807763383958,0.0012487347671533671,,,,0.1,24.721715800232193,fixed,0,0.2,T-A,
11.461276097242138,0.2531645098785148,73.03710319458452,0.0012487347671533671,,,,0.1,24.18447522722614,fixed,1,0.2,T-A,
12.250829139380047,0.6230346887631981,68.43672368678502,0.0012487347671533671,,,,0.1,23.410436063477416,fixed,2,0.2,T-A,
12.424781110946764,-0.08115117203568978,97.48001812926506,0.0049949390686134685,,,,0.2,27.939761779578348,fixed,0,0.2,T-A,
11.679287530835019,0.06828596072321416,93.19599225600692,0.0049949390686134685,,,,0.2,27.318919383968016,fixed,1,0.2,T-A,
13.065926153377747,0.20151268141704334,88.25099475025141,0.0049949390686134685,,,,0.2,26.58426778419274,fixed,2,0.2,T-A,
12.310913791606797,-0.11643989138054958,113.36986024159197,0.019979756274453874,,,,0.4,30.131010992116728,fixed,0,0.2,T-A,
11.743398804480666,-0.03672746502561816,108.98413524993725,0.019979756274453874,,,,0.4,29.54245206691616,fixed,1,0.2,T-A,
13.34229651262995,0.09843413991256422,103.87933522159926,0.019979756274453874,,,,0.4,28.842272725096482,fixed,2,0.2,T-A,
12.170381699638096,-0.02930553847967767,122.49081547557151,0.0799190250978155,,,,0.8,31.31963277175063,fixed,0,0.2,T-A,
11.517172744508775,0.09385169107839034,118.16740516456554,0.0799190250978155,,,,0.8,30.7619419124551,fixed,1,0.2,T-A,
13.195175565472775,0.011749607766464887,113.22998980849043,0.0799190250978155,,,,0.8,30.11241813928632,fixed,2,0.2,T-A,
29.81481748339808,0.6098966385496691,8.553801761271323,0.0,,,,0.0,8.273315400524295,fixed,0,0.1,T-A,
24.900275387098286,1.1340996153145573,8.84139203208661,0.0,,,,0.0,8.411245607090997,fixed,1,0.1,T-A,
24.331496499474518,0.27469709356421235,9.926436001394753,0.0,,,,0.0,8.912440921322185,fixed,2,0.1,T-A,
19.379408814329878,-0.27451840236090824,85.61853364171556,0.00031242086287094846,,,,0.05,26.174830821939047,fixed,0,0.1,T-A,
17.529739660320477,0.4880093222316111,83.69012237631625,0.00031242086287094846,,,,0.05,25.878380371570724,fixed,1,0.1,T-A,
16.621292432716885,1.1448746474339608,76.19817868038746,0.00031242086287094846,,,,0.05,24.69291070805962,fixed,2,0.1,T-A,
18.877779984219814,-0.1394558003563917,108.62925755028928,0.0012496834514837938,,,,0.1,29.48311702146464,fixed,0,0.1,T-A,
16.650671733222982,0.28832329677498536,106.93900762078893,0.0012496834514837938,,,,0.1,29.25284199360645,fixed,1,0.1,T-A,
16.2905000059101,0.4881508033915289,98.07429772372959,0.0012496834514837938,,,,0.1,28.014159310399478,fixed,2,0.1,T-A,
18.60878727369937,-0.05350681353555871,126.2117740251232,0.004998733805935175,,,,0.2,31.779709733219118,fixed,0,0.1,T-A,
16.379908730117933,0.08824055619788396,124.71198685713327,0.004998733805935175,,,,0.2,31.5903246925308,fixed,1,0.1,T-A,
16.080210894540734,0.10431952453552303,115.8588011343368,0.004998733805935175,,,,0.2,30.448402061389373,fixed,2,0.1,T-A,
18.352211395820035,-0.023445397209728117,137.39374547409295,0.0199949352237407,,,,0.4,33.15762931409713,fixed,0,0.1,T-A,
16.128713388646183,0.04733065896105182,136.32962550363007,0.0199949352237407,,,,0.4,33.02897615139578,fixed,1,0.1,T-A,
15.92210070367415,-0.02120928869712843,127.92011242541565,0.0199949352237407,,,,0.4,31.994063820455466,fixed,2,0.1,T-A,
18.232782437169817,-0.009854694956978521,142.99666313814765,0.0799797408949628,,,,0.8,33.826957843242454,fixed,0,0.1,T-A,
15.987535293106976,0.03338208054341162,142.07893432391714,0.0799797408949628,,,,0.8,33.71823522527927,fixed,1,0.1,T-A,
15.572641781476602,-0.06826281074030696,134.27135137414902,0.0799797408949628,,,,0.8,32.77869585017381,fixed,2,0.1,T-A,
64.94098565728356,0.5253493654405925,16.619123023437716,0.0,,,,0.0,11.530889104209653,fixed,0,0.05,T-A,
46.45581583159004,-0.2370076854231815,11.04302420709052,0.0,,,,0.0,9.399456799099745,fixed,1,0.05,T-A,
45.9033719541729,0.6258469763127089,13.770802559375612,0.0,,,,0.0,10.496351596868314,fixed,2,0.05,T-A,
39.5923541679409,-0.2895180818195958,116.30421735823512,0.0003124802119594123,,,,0.05,30.503977761444613,fixed,0,0.05,T-A,
32.75592874963592,1.216249395441877,115.42003538633185,0.0003124802119594123,,,,0.05,30.387806034060137,fixed,1,0.05,T-A,
30.0617972613134,1.2430666936586159,109.82834229573226,0.0003124802119594123,,,,0.05,29.642577115595945,fixed,2,0.05,T-A,
39.36764900051367,-0.1747192983239496,133.60637421557513,0.0012499208478376491,,,,0.1,32.69432182359024,fixed,0,0.05,T-A,
32.40582731923341,0.633992345584151,132.9682702709566,0.0012499208478376491,,,,0.1,32.616154351491325,fixed,1,0.05,T-A,
29.916364715432408,0.5392776546490599,127.58434308639437,0.0012499208478376491,,,,0.1,31.949012186207476,fixed,2,0.05,T-A,
39.28963911039649,-0.0012914585288517633,144.52213008642886,0.0049996833913505965,,,,0.2,34.003680042869554,fixed,0,0.05,T-A,
32.27300898791739,0.2932192961083613,143.79368640315388,0.0049996833913505965,,,,0.2,33.91787637747629,fixed,1,0.05,T-A,
29.80310039599383,0.2216061748220158,138.92643439957976,0.0049996833913505965,,,,0.2,33.33889404510145,fixed,2,0.05,T-A,
39.25296332955628,-0.027096065082259563,150.11623073664092,0.019998733565402386,,,,0.4,34.65553196336825,fixed,0,0.05,T-A,
32.215102178640805,0.16686677058656071,149.61526395813243,0.019998733565402386,,,,0.4,34.597657545609,fixed,1,0.05,T-A,
29.58865149168748,0.06273366596717428,145.4092143137507,0.019998733565402386,,,,0.4,34.10787855728555,fixed,2,0.05,T-A,
39.24192182513911,0.07669930540555946,151.95552695541082,0.07999493426160954,,,,0.8,34.86719371002701,fixed,0,0.05,T-A,
32.19462708001225,0.07017522500908352,151.72299492156645,0.07999493426160954,,,,0.8,34.840505494893264,fixed,1,0.05,T-A,
29.381239411422385,-0.008891706774301636,148.11558407685467,0.07999493426160954,,,,0.8,34.42382472716113,fixed,2,0.05,T-A,
156.99094874535336,-1.8419402294965694,21.819658801063124,0.0,,,,0.0,13.212079285389947,fixed,0,0.02,T-A,
111.17586015603405,-0.3699936388791065,16.449090836844142,0.0,,,,0.0,11.471445419293763,fixed,1,0.02,T-A,
118.99137539290618,0.3451612140880068,25.912321511902523,0.0,,,,0.0,14.397939868914905,fixed,2,0.02,T-A,
104.54779742126095,-0.3463763430722267,140.02519962254047,0.0003124968337450921,,,,0.05,33.469582414417665,fixed,0,0.02,T-A,
86.3596681165974,1.650331887698145,139.8839928532293,0.0003124968337450921,,,,0.05,33.4527021538652,fixed,1,0.02,T-A,
81.72658689190798,0.9992427900343002,139.169383736297,0.0003124968337450921,,,,0.05,33.36714477649721,fixed,2,0.02,T-A,
104.38446982658097,-0.08830711797188423,148.75489772566368,0.0012499873349803685,,,,0.1,34.49711929166198,fixed,0,0.02,T-A,
86.1120025503288,0.9795257623328611,148.55124165689733,0.0012499873349803685,,,,0.1,34.47349669478406,fixed,1,0.02,T-A,
81.51706590158966,0.45085178527934033,148.00891330096948,0.0012499873349803685,,,,0.1,34.41051152712473,fixed,2,0.02,T-A,
104.3520281331356,-0.054617856960986255,152.31169452219427,0.004999949339921474,,,,0.2,34.907103891593344,fixed,0,0.02,T-A,
86.04364025761619,0.4016652392963597,152.32264760362068,0.004999949339921474,,,,0.2,34.90835899376718,fixed,1,0.02,T-A,
81.46808300953089,0.22680033299493485,152.12390644192166,0.004999949339921474,,,,0.2,34.8855784276939,fixed,2,0.02,T-A,
104.3382584419343,0.05747294441147276,154.31930830302394,0.019999797359685895,,,,0.4,35.13640526684784,fixed,0,0.02,T-A,
86.01677511526016,0.25412965457407743,153.4703334013259,0.019999797359685895,,,,0.4,35.03962195925171,fixed,1,0.02,T-A,
81.44850753165632,0.16881876874583046,153.83720119489257,0.019999797359685895,,,,0.4,35.081477721626705,fixed,2,0.02,T-A,
104.333184602432,0.13227664452681326,159.57782926296403,0.07999918943874358,,,,0.8,35.73003734948156,fixed,0,0.02,T-A,
86.00435221299121,0.23253521552376893,158.6797017917018,0.07999918943874358,,,,0.8,35.6293485265417,fixed,1,0.02,T-A,
81.43510865632882,0.028646681452302036,157.04155331246943,0.07999918943874358,,,,0.8,35.44495952612452,fixed,2,0.02,T-A,
,,2.9199622247221324,,,,3.578099164771067,0.0,,fixed,0,0.5,T-B,
,,82.27081234003373,,,,5.493167631554385,0.4,,fixed,0,0.5,T-B,
,,3.259038305628505,,,,4.230024696767045,0.0,,fixed,1,0.5,T-B,
,,76.58257171457149,,,,5.725157422330771,0.4,,fixed,1,0.5,T-B,
,,3.945631078607403,,,,4.468123176117475,0.0,,fixed,2,0.5,T-B,
,,75.8596758088226,,,,5.433667100387773,0.4,,fixed,2,0.5,T-B,
,,4.978034333142301,,,,4.151464447952668,0.0,,fixed,0,0.2,T-B,
,,113.36986024159197,,,,9.366368054622605,0.4,,fixed,0,0.2,T-B,
,,6.050922799718931,,,,4.567306931376289,0.0,,fixed,1,0.2,T-B,
,,108.98413524993725,,,,7.919646881424969,0.4,,fixed,1,0.2,T-B,
,,5.715998987571054,,,,5.607566365232726,0.0,,fixed,2,0.2,T-B,
,,103.87933522159926,,,,7.671162186755132,0.4,,fixed,2,0.2,T-B,
,,8.553801761271323,,,,5.067295067042798,0.0,,fixed,0,0.1,T-B,
,,137.39374547409295,,,,18.062239818676005,0.4,,fixed,0,0.1,T-B,
,,8.84139203208661,,,,6.026846718439256,0.0,,fixed,1,0.1,T-B,
,,136.32962550363007,,,,16.116871260352315,0.4,,fixed,1,0.1,T-B,
,,9.926436001394753,,,,7.327792209820066,0.0,,fixed,2,0.1,T-B,
,,127.92011242541565,,,,13.105953054008175,0.4,,fixed,2,0.1,T-B,
,,16.619123023437716,,,,8.679957933740846,0.0,,fixed,0,0.05,T-B,
,,150.11623073664092,,,,42.3073899045409,0.4,,fixed,0,0.05,T-B,
,,11.04302420709052,,,,9.047819010049322,0.0,,fixed,1,0.05,T-B,
,,149.61526395813243,,,,35.293017570287276,0.4,,fixed,1,0.05,T-B,
,,13.770802559375612,,,,7.285356686216562,0.0,,fixed,2,0.05,T-B,
,,145.4092143137507,,,,32.49908753449428,0.4,,fixed,2,0.05,T-B,
,,21.819658801063124,,,,9.609425481392108,0.0,,fixed,0,0.02,T-B,
,,154.31930830302394,,,,115.11267020356858,0.4,,fixed,0,0.02,T-B,
,,16.449090836844142,,,,16.081750290671543,0.0,,fixed,1,0.02,T-B,
,,153.4703334013259,,,,93.38716890053165,0.4,,fixed,1,0.02,T-B,
,,25.912321511902523,,,,10.97847985442832,0.0,,fixed,2,0.02,T-B,
,,153.83720119489257,,,,89.35180247996861,0.4,,fixed,2,0.02,T-B,
,,76.31807763383958,,,,9.724869239951603,0.1,,fixed,0,0.2,T-C,
,,1.0929190326709304,,,,3.246058331548216,0.1,,corotating,0,0.2,T-C,
,,73.03710319458452,,,,8.711428073144534,0.1,,fixed,1,0.2,T-C,
,,1.0920709546144225,,,,3.437854721046713,0.1,,corotating,1,0.2,T-C,
,,68.43672368678502,,,,8.163458468137156,0.1,,fixed,2,0.2,T-C,
,,0.9783939536930806,,,,4.0976185733293065,0.1,,corotating,2,0.2,T-C,
,,113.36986024159197,,,,9.366368054622605,0.4,,fixed,0,0.2,T-C,
,,0.8379804267434745,,,,3.202018294016319,0.4,,corotating,0,0.2,T-C,
,,108.98413524993725,,,,7.919646881424969,0.4,,fixed,1,0.2,T-C,
,,0.7372978739553862,,,,3.449286321204239,0.4,,corotating,1,0.2,T-C,
,,103.87933522159926,,,,7.671162186755132,0.4,,fixed,2,0.2,T-C,
,,0.8344058662702314,,,,4.155824823045601,0.4,,corotating,2,0.2,T-C,
,,108.62925755028928,,,,19.118884405324426,0.1,,fixed,0,0.1,T-C,
,,0.9868664069909522,,,,4.388662936136592,0.1,,corotating,0,0.1,T-C,
,,106.93900762078893,,,,16.843342580481348,0.1,,fixed,1,0.1,T-C,
,,1.00303338056625,,,,4.222588323393381,0.1,,corotating,1,0.1,T-C,
,,98.07429772372959,,,,13.284013438233531,0.1,,fixed,2,0.1,T-C,
,,0.9136523993750032,,,,4.232565326761912,0.1,,corotating,2,0.1,T-C,
,,137.39374547409295,,,,18.062239818676005,0.4,,fixed,0,0.1,T-C,
,,0.7406912023980439,,,,4.395056106469548,0.4,,corotating,0,0.1,T-C,
,,136.32962550363007,,,,16.116871260352315,0.4,,fixed,1,0.1,T-C,
,,0.7179947467591135,,,,4.235987380382394,0.4,,corotating,1,0.1,T-C,
,,127.92011242541565,,,,13.105953054008175,0.4,,fixed,2,0.1,T-C,
,,0.71012740316034,,,,4.185729668443353,0.4,,corotating,2,0.1,T-C,
,,133.60637421557513,,,,42.74832775214444,0.1,,fixed,0,0.05,T-C,
,,0.9541792301047435,,,,6.701767028113179,0.1,,corotating,0,0.05,T-C,
,,132.9682702709566,,,,36.58186629147886,0.1,,fixed,1,0.05,T-C,
,,0.8121478407894622,,,,6.8290023044048445,0.1,,corotating,1,0.05,T-C,
,,127.58434308639437,,,,32.791854795888845,0.1,,fixed,2,0.05,T-C,
,,0.7293634874091623,,,,6.3838634499016225,0.1,,corotating,2,0.05,T-C,
,,150.11623073664092,,,,42.3073899045409,0.4,,fixed,0,0.05,T-C,
,,0.7929472932746131,,,,6.715013573258344,0.4,,corotating,0,0.05,T-C,
,,149.61526395813243,,,,35.293017570287276,0.4,,fixed,1,0.05,T-C,
,,0.6684555399748189,,,,6.822996106856181,0.4,,corotating,1,0.05,T-C,
,,145.4092143137507,,,,32.49908753449428,0.4,,fixed,2,0.05,T-C,
,,0.5806504513155288,,,,6.400611752216566,0.4,,corotating,2,0.05,T-C,
,,,,5.989704588944412,6.249999999999999,6.231020301470376,,,,0,,T-D,0.4
,,,,6.373734503549852,6.249999999999999,5.9818003651596685,,,,1,,T-D,0.4
,,,,5.881192112010285,6.249999999999999,6.1899356986623815,,,,2,,T-D,0.4
,,,,23.958817428878284,24.999999999999996,24.92408131035295,,,,0,,T-D,0.2
,,,,25.494936760094326,24.999999999999996,23.927200817159363,,,,1,,T-D,0.2
,,,,23.524768154356536,24.999999999999996,24.75974105033774,,,,2,,T-D,0.2
,,,,95.83525488556856,99.99999999999999,99.6963269126757,,,,0,,T-D,0.1
,,,,101.97972697518254,99.99999999999999,95.70879297304923,,,,1,,T-D,0.1
,,,,94.0990679189728,99.99999999999999,99.03893629234899,,,,2,,T-D,0.1
,,,,383.34078229205664,399.99999999999994,398.7853343944281,,,,0,,T-D,0.05
,,,,407.91858688646903,399.99999999999994,382.83500717661434,,,,1,,T-D,0.05
,,,,376.39619652348335,399.99999999999994,396.155298638264,,,,2,,T-D,0.05
,,,,1533.3593349926286,1599.9999999999998,1595.141765676167,,,,0,,T-D,0.025
,,,,1631.6692131558084,1599.9999999999998,1531.33739415058,,,,1,,T-D,0.025
,,,,1505.5835851355228,1599.9999999999998,1584.6140508532358,,,,2,,T-D,0.025
